[2025-12-01 22:50:53] __main__ - [32mINFO[0m - Starting training run: r3d_binary_20251201_225053
[2025-12-01 22:50:53] __main__ - [32mINFO[0m - Checkpoints will be saved to: /work3/s225224/ucf-crime/checkpoints/r3d_binary_20251201_225053
[2025-12-01 22:50:53] src.utils.training_utils - [32mINFO[0m - Created training history CSV at /work3/s225224/ucf-crime/checkpoints/r3d_binary_20251201_225053/training_history.csv
[2025-12-01 22:50:53] __main__ - [32mINFO[0m - Setting up datasets and dataloaders...
Loading cached dataset index from /work3/s225224/ucf-crime/data/ucf_index_train_len16_stride16_modebinary_rat0.2.pkl...
Loading cached dataset index from /work3/s225224/ucf-crime/data/ucf_index_val_len16_stride16_modebinary_rat0.2.pkl...
[2025-12-01 22:50:53] __main__ - [32mINFO[0m - Train samples: 64489, Val samples: 13917
[2025-12-01 22:50:53] __main__ - [32mINFO[0m - Instantiating model...
[2025-12-01 22:50:53] src.utils.training_utils - [32mINFO[0m - Early stopping initialized with patience=10, mode=max
[2025-12-01 22:50:53] __main__ - [32mINFO[0m - Training on device: cuda
[2025-12-01 22:50:53] __main__ - [32mINFO[0m - GPU Name: NVIDIA A100 80GB PCIe MIG 1g.10gb
[2025-12-01 22:50:53] __main__ - [32mINFO[0m - GPU Memory: 10.20 GB
[2025-12-01 22:50:53] __main__ - [32mINFO[0m - Number of GPUs: 1
[2025-12-01 22:50:53] __main__ - [32mINFO[0m - CUDA Version: 12.8
[2025-12-01 22:50:53] __main__ - [32mINFO[0m - cuDNN Version: 91002
[2025-12-01 22:50:53] __main__ - [32mINFO[0m - PyTorch Version: 2.9.0+cu128
[2025-12-01 22:50:53] __main__ - [32mINFO[0m - Starting training loop...
[2025-12-01 22:51:49] src.utils.training - [32mINFO[0m - Epoch [1] Batch [20/2016] Loss: 0.1378 Acc: 48.75%
[2025-12-01 22:52:42] src.utils.training - [32mINFO[0m - Epoch [1] Batch [40/2016] Loss: 0.1262 Acc: 51.56%
[2025-12-01 22:53:35] src.utils.training - [32mINFO[0m - Epoch [1] Batch [60/2016] Loss: 0.1242 Acc: 52.40%
[2025-12-01 22:54:28] src.utils.training - [32mINFO[0m - Epoch [1] Batch [80/2016] Loss: 0.1203 Acc: 54.22%
[2025-12-01 22:55:21] src.utils.training - [32mINFO[0m - Epoch [1] Batch [100/2016] Loss: 0.1166 Acc: 55.31%
[2025-12-01 22:56:14] src.utils.training - [32mINFO[0m - Epoch [1] Batch [120/2016] Loss: 0.1146 Acc: 56.46%
[2025-12-01 22:57:07] src.utils.training - [32mINFO[0m - Epoch [1] Batch [140/2016] Loss: 0.1142 Acc: 57.23%
[2025-12-01 22:58:00] src.utils.training - [32mINFO[0m - Epoch [1] Batch [160/2016] Loss: 0.1117 Acc: 57.95%
[2025-12-01 22:58:53] src.utils.training - [32mINFO[0m - Epoch [1] Batch [180/2016] Loss: 0.1109 Acc: 58.54%
[2025-12-01 22:59:46] src.utils.training - [32mINFO[0m - Epoch [1] Batch [200/2016] Loss: 0.1093 Acc: 58.81%
[2025-12-01 23:00:40] src.utils.training - [32mINFO[0m - Epoch [1] Batch [220/2016] Loss: 0.1077 Acc: 59.80%
[2025-12-01 23:01:33] src.utils.training - [32mINFO[0m - Epoch [1] Batch [240/2016] Loss: 0.1060 Acc: 60.52%
[2025-12-01 23:02:26] src.utils.training - [32mINFO[0m - Epoch [1] Batch [260/2016] Loss: 0.1038 Acc: 61.09%
[2025-12-01 23:03:19] src.utils.training - [32mINFO[0m - Epoch [1] Batch [280/2016] Loss: 0.1022 Acc: 61.63%
[2025-12-01 23:04:12] src.utils.training - [32mINFO[0m - Epoch [1] Batch [300/2016] Loss: 0.1009 Acc: 62.07%
[2025-12-01 23:05:05] src.utils.training - [32mINFO[0m - Epoch [1] Batch [320/2016] Loss: 0.0991 Acc: 62.61%
[2025-12-01 23:05:58] src.utils.training - [32mINFO[0m - Epoch [1] Batch [340/2016] Loss: 0.0974 Acc: 63.08%
[2025-12-01 23:06:51] src.utils.training - [32mINFO[0m - Epoch [1] Batch [360/2016] Loss: 0.0953 Acc: 63.63%
[2025-12-01 23:07:44] src.utils.training - [32mINFO[0m - Epoch [1] Batch [380/2016] Loss: 0.0942 Acc: 64.08%
[2025-12-01 23:08:37] src.utils.training - [32mINFO[0m - Epoch [1] Batch [400/2016] Loss: 0.0928 Acc: 64.71%
[2025-12-01 23:09:30] src.utils.training - [32mINFO[0m - Epoch [1] Batch [420/2016] Loss: 0.0921 Acc: 65.23%
[2025-12-01 23:10:23] src.utils.training - [32mINFO[0m - Epoch [1] Batch [440/2016] Loss: 0.0910 Acc: 65.67%
[2025-12-01 23:11:16] src.utils.training - [32mINFO[0m - Epoch [1] Batch [460/2016] Loss: 0.0902 Acc: 66.01%
[2025-12-01 23:12:09] src.utils.training - [32mINFO[0m - Epoch [1] Batch [480/2016] Loss: 0.0895 Acc: 66.30%
[2025-12-01 23:13:02] src.utils.training - [32mINFO[0m - Epoch [1] Batch [500/2016] Loss: 0.0881 Acc: 66.66%
[2025-12-01 23:13:55] src.utils.training - [32mINFO[0m - Epoch [1] Batch [520/2016] Loss: 0.0869 Acc: 67.07%
[2025-12-01 23:14:48] src.utils.training - [32mINFO[0m - Epoch [1] Batch [540/2016] Loss: 0.0866 Acc: 67.27%
[2025-12-01 23:15:41] src.utils.training - [32mINFO[0m - Epoch [1] Batch [560/2016] Loss: 0.0860 Acc: 67.46%
[2025-12-01 23:16:34] src.utils.training - [32mINFO[0m - Epoch [1] Batch [580/2016] Loss: 0.0851 Acc: 67.65%
[2025-12-01 23:17:28] src.utils.training - [32mINFO[0m - Epoch [1] Batch [600/2016] Loss: 0.0847 Acc: 67.85%
[2025-12-01 23:18:21] src.utils.training - [32mINFO[0m - Epoch [1] Batch [620/2016] Loss: 0.0838 Acc: 68.14%
[2025-12-01 23:19:14] src.utils.training - [32mINFO[0m - Epoch [1] Batch [640/2016] Loss: 0.0830 Acc: 68.42%
[2025-12-01 23:20:07] src.utils.training - [32mINFO[0m - Epoch [1] Batch [660/2016] Loss: 0.0824 Acc: 68.61%
[2025-12-01 23:21:00] src.utils.training - [32mINFO[0m - Epoch [1] Batch [680/2016] Loss: 0.0813 Acc: 68.85%
[2025-12-01 23:21:53] src.utils.training - [32mINFO[0m - Epoch [1] Batch [700/2016] Loss: 0.0807 Acc: 69.02%
[2025-12-01 23:22:46] src.utils.training - [32mINFO[0m - Epoch [1] Batch [720/2016] Loss: 0.0799 Acc: 69.27%
[2025-12-01 23:23:39] src.utils.training - [32mINFO[0m - Epoch [1] Batch [740/2016] Loss: 0.0793 Acc: 69.57%
[2025-12-01 23:24:32] src.utils.training - [32mINFO[0m - Epoch [1] Batch [760/2016] Loss: 0.0786 Acc: 69.77%
[2025-12-01 23:25:25] src.utils.training - [32mINFO[0m - Epoch [1] Batch [780/2016] Loss: 0.0779 Acc: 69.97%
[2025-12-01 23:26:18] src.utils.training - [32mINFO[0m - Epoch [1] Batch [800/2016] Loss: 0.0772 Acc: 70.23%
[2025-12-01 23:27:11] src.utils.training - [32mINFO[0m - Epoch [1] Batch [820/2016] Loss: 0.0763 Acc: 70.52%
[2025-12-01 23:28:04] src.utils.training - [32mINFO[0m - Epoch [1] Batch [840/2016] Loss: 0.0758 Acc: 70.76%
[2025-12-01 23:28:57] src.utils.training - [32mINFO[0m - Epoch [1] Batch [860/2016] Loss: 0.0750 Acc: 70.98%
[2025-12-01 23:29:50] src.utils.training - [32mINFO[0m - Epoch [1] Batch [880/2016] Loss: 0.0746 Acc: 71.22%
[2025-12-01 23:30:43] src.utils.training - [32mINFO[0m - Epoch [1] Batch [900/2016] Loss: 0.0741 Acc: 71.36%
[2025-12-01 23:31:36] src.utils.training - [32mINFO[0m - Epoch [1] Batch [920/2016] Loss: 0.0738 Acc: 71.50%
[2025-12-01 23:32:29] src.utils.training - [32mINFO[0m - Epoch [1] Batch [940/2016] Loss: 0.0732 Acc: 71.73%
[2025-12-01 23:33:22] src.utils.training - [32mINFO[0m - Epoch [1] Batch [960/2016] Loss: 0.0727 Acc: 71.88%
[2025-12-01 23:34:15] src.utils.training - [32mINFO[0m - Epoch [1] Batch [980/2016] Loss: 0.0719 Acc: 72.09%
[2025-12-01 23:35:08] src.utils.training - [32mINFO[0m - Epoch [1] Batch [1000/2016] Loss: 0.0715 Acc: 72.24%
[2025-12-01 23:36:02] src.utils.training - [32mINFO[0m - Epoch [1] Batch [1020/2016] Loss: 0.0710 Acc: 72.38%
[2025-12-01 23:36:55] src.utils.training - [32mINFO[0m - Epoch [1] Batch [1040/2016] Loss: 0.0704 Acc: 72.53%
[2025-12-01 23:37:48] src.utils.training - [32mINFO[0m - Epoch [1] Batch [1060/2016] Loss: 0.0698 Acc: 72.69%
[2025-12-01 23:38:41] src.utils.training - [32mINFO[0m - Epoch [1] Batch [1080/2016] Loss: 0.0694 Acc: 72.87%
[2025-12-01 23:39:34] src.utils.training - [32mINFO[0m - Epoch [1] Batch [1100/2016] Loss: 0.0688 Acc: 73.01%
[2025-12-01 23:40:27] src.utils.training - [32mINFO[0m - Epoch [1] Batch [1120/2016] Loss: 0.0683 Acc: 73.19%
[2025-12-01 23:41:20] src.utils.training - [32mINFO[0m - Epoch [1] Batch [1140/2016] Loss: 0.0680 Acc: 73.35%
[2025-12-01 23:42:13] src.utils.training - [32mINFO[0m - Epoch [1] Batch [1160/2016] Loss: 0.0675 Acc: 73.51%
[2025-12-01 23:43:06] src.utils.training - [32mINFO[0m - Epoch [1] Batch [1180/2016] Loss: 0.0670 Acc: 73.66%
[2025-12-01 23:43:59] src.utils.training - [32mINFO[0m - Epoch [1] Batch [1200/2016] Loss: 0.0666 Acc: 73.80%
[2025-12-01 23:44:52] src.utils.training - [32mINFO[0m - Epoch [1] Batch [1220/2016] Loss: 0.0662 Acc: 73.93%
[2025-12-01 23:45:45] src.utils.training - [32mINFO[0m - Epoch [1] Batch [1240/2016] Loss: 0.0657 Acc: 74.07%
[2025-12-01 23:46:38] src.utils.training - [32mINFO[0m - Epoch [1] Batch [1260/2016] Loss: 0.0653 Acc: 74.20%
[2025-12-01 23:47:31] src.utils.training - [32mINFO[0m - Epoch [1] Batch [1280/2016] Loss: 0.0649 Acc: 74.35%
[2025-12-01 23:48:24] src.utils.training - [32mINFO[0m - Epoch [1] Batch [1300/2016] Loss: 0.0644 Acc: 74.49%
[2025-12-01 23:49:17] src.utils.training - [32mINFO[0m - Epoch [1] Batch [1320/2016] Loss: 0.0640 Acc: 74.62%
[2025-12-01 23:50:10] src.utils.training - [32mINFO[0m - Epoch [1] Batch [1340/2016] Loss: 0.0637 Acc: 74.71%
[2025-12-01 23:51:03] src.utils.training - [32mINFO[0m - Epoch [1] Batch [1360/2016] Loss: 0.0633 Acc: 74.80%
[2025-12-01 23:51:56] src.utils.training - [32mINFO[0m - Epoch [1] Batch [1380/2016] Loss: 0.0629 Acc: 74.90%
[2025-12-01 23:52:49] src.utils.training - [32mINFO[0m - Epoch [1] Batch [1400/2016] Loss: 0.0625 Acc: 75.05%
[2025-12-01 23:53:43] src.utils.training - [32mINFO[0m - Epoch [1] Batch [1420/2016] Loss: 0.0621 Acc: 75.17%
[2025-12-01 23:54:36] src.utils.training - [32mINFO[0m - Epoch [1] Batch [1440/2016] Loss: 0.0617 Acc: 75.33%
[2025-12-01 23:55:29] src.utils.training - [32mINFO[0m - Epoch [1] Batch [1460/2016] Loss: 0.0612 Acc: 75.50%
[2025-12-01 23:56:22] src.utils.training - [32mINFO[0m - Epoch [1] Batch [1480/2016] Loss: 0.0608 Acc: 75.62%
[2025-12-01 23:57:15] src.utils.training - [32mINFO[0m - Epoch [1] Batch [1500/2016] Loss: 0.0605 Acc: 75.72%
[2025-12-01 23:58:08] src.utils.training - [32mINFO[0m - Epoch [1] Batch [1520/2016] Loss: 0.0602 Acc: 75.82%
[2025-12-01 23:59:01] src.utils.training - [32mINFO[0m - Epoch [1] Batch [1540/2016] Loss: 0.0598 Acc: 75.93%
[2025-12-01 23:59:54] src.utils.training - [32mINFO[0m - Epoch [1] Batch [1560/2016] Loss: 0.0595 Acc: 76.04%
[2025-12-02 00:00:47] src.utils.training - [32mINFO[0m - Epoch [1] Batch [1580/2016] Loss: 0.0591 Acc: 76.14%
[2025-12-02 00:01:40] src.utils.training - [32mINFO[0m - Epoch [1] Batch [1600/2016] Loss: 0.0588 Acc: 76.23%
[2025-12-02 00:02:33] src.utils.training - [32mINFO[0m - Epoch [1] Batch [1620/2016] Loss: 0.0584 Acc: 76.35%
[2025-12-02 00:03:26] src.utils.training - [32mINFO[0m - Epoch [1] Batch [1640/2016] Loss: 0.0581 Acc: 76.49%
[2025-12-02 00:04:19] src.utils.training - [32mINFO[0m - Epoch [1] Batch [1660/2016] Loss: 0.0578 Acc: 76.61%
[2025-12-02 00:05:12] src.utils.training - [32mINFO[0m - Epoch [1] Batch [1680/2016] Loss: 0.0575 Acc: 76.68%
[2025-12-02 00:06:05] src.utils.training - [32mINFO[0m - Epoch [1] Batch [1700/2016] Loss: 0.0571 Acc: 76.82%
[2025-12-02 00:06:58] src.utils.training - [32mINFO[0m - Epoch [1] Batch [1720/2016] Loss: 0.0568 Acc: 76.95%
[2025-12-02 00:07:51] src.utils.training - [32mINFO[0m - Epoch [1] Batch [1740/2016] Loss: 0.0567 Acc: 77.03%
[2025-12-02 00:08:44] src.utils.training - [32mINFO[0m - Epoch [1] Batch [1760/2016] Loss: 0.0564 Acc: 77.13%
[2025-12-02 00:09:37] src.utils.training - [32mINFO[0m - Epoch [1] Batch [1780/2016] Loss: 0.0561 Acc: 77.24%
[2025-12-02 00:10:31] src.utils.training - [32mINFO[0m - Epoch [1] Batch [1800/2016] Loss: 0.0558 Acc: 77.34%
[2025-12-02 00:11:24] src.utils.training - [32mINFO[0m - Epoch [1] Batch [1820/2016] Loss: 0.0555 Acc: 77.42%
[2025-12-02 00:12:17] src.utils.training - [32mINFO[0m - Epoch [1] Batch [1840/2016] Loss: 0.0553 Acc: 77.52%
[2025-12-02 00:13:10] src.utils.training - [32mINFO[0m - Epoch [1] Batch [1860/2016] Loss: 0.0550 Acc: 77.62%
[2025-12-02 00:14:03] src.utils.training - [32mINFO[0m - Epoch [1] Batch [1880/2016] Loss: 0.0548 Acc: 77.72%
[2025-12-02 00:14:56] src.utils.training - [32mINFO[0m - Epoch [1] Batch [1900/2016] Loss: 0.0545 Acc: 77.79%
[2025-12-02 00:15:49] src.utils.training - [32mINFO[0m - Epoch [1] Batch [1920/2016] Loss: 0.0542 Acc: 77.91%
[2025-12-02 00:16:42] src.utils.training - [32mINFO[0m - Epoch [1] Batch [1940/2016] Loss: 0.0540 Acc: 77.97%
[2025-12-02 00:17:35] src.utils.training - [32mINFO[0m - Epoch [1] Batch [1960/2016] Loss: 0.0537 Acc: 78.08%
[2025-12-02 00:18:28] src.utils.training - [32mINFO[0m - Epoch [1] Batch [1980/2016] Loss: 0.0535 Acc: 78.15%
[2025-12-02 00:19:21] src.utils.training - [32mINFO[0m - Epoch [1] Batch [2000/2016] Loss: 0.0532 Acc: 78.24%
[2025-12-02 00:20:02] src.utils.training - [32mINFO[0m - Epoch [1] Training Completed in 5348s - Loss: 0.0530 Acc: 78.32%
[2025-12-02 00:20:33] src.utils.clip_level_evaluation - [32mINFO[0m - [VAL] Batch 50/435 Loss: 0.0374
[2025-12-02 00:21:04] src.utils.clip_level_evaluation - [32mINFO[0m - [VAL] Batch 100/435 Loss: 0.0301
[2025-12-02 00:21:34] src.utils.clip_level_evaluation - [32mINFO[0m - [VAL] Batch 150/435 Loss: 0.0599
[2025-12-02 00:22:05] src.utils.clip_level_evaluation - [32mINFO[0m - [VAL] Batch 200/435 Loss: 0.0570
[2025-12-02 00:22:35] src.utils.clip_level_evaluation - [32mINFO[0m - [VAL] Batch 250/435 Loss: 0.0548
[2025-12-02 00:23:06] src.utils.clip_level_evaluation - [32mINFO[0m - [VAL] Batch 300/435 Loss: 0.0490
[2025-12-02 00:23:36] src.utils.clip_level_evaluation - [32mINFO[0m - [VAL] Batch 350/435 Loss: 0.0503
[2025-12-02 00:24:06] src.utils.clip_level_evaluation - [32mINFO[0m - [VAL] Batch 400/435 Loss: 0.0616
[2025-12-02 00:24:28] src.utils.clip_level_evaluation - [32mINFO[0m - [VAL] Finished in 266s
[2025-12-02 00:24:28] src.utils.clip_level_evaluation - [32mINFO[0m - Results:
Loss: 0.0650 | Acc: 72.47% | AUC: 0.8185
   >> Anomaly: P=0.561 R=0.746 F1=0.640
   >> Normal:  P=0.851 R=0.714
   >> Counts:  TP=3412 FN=1164 (Missed) | TN=6674 FP=2667 (False Alarm)
   >> Rates:   FPR=0.2855 | FNR=0.2544
[2025-12-02 00:24:28] __main__ - [32mINFO[0m - Epoch [1] Validation Summary - Loss: 0.0650 | Acc: 72.47% | AUC: 0.8185
[2025-12-02 00:24:28] __main__ - [32mINFO[0m -   Anomaly Detection: Precision=0.561 Recall=0.746 F1=0.640
[2025-12-02 00:24:28] __main__ - [32mINFO[0m -   Confusion Matrix: TP=3412 FN=1164 TN=6674 FP=2667
[2025-12-02 00:24:28] __main__ - [32mINFO[0m -   Error Rates: FPR=0.2855 FNR=0.2544
[2025-12-02 00:24:28] __main__ - [32mINFO[0m - New best AUC: 0.8185
[2025-12-02 00:24:28] src.utils.training_utils - [32mINFO[0m - Saved best model to /work3/s225224/ucf-crime/checkpoints/r3d_binary_20251201_225053/best_model.pth
[2025-12-02 00:25:23] src.utils.training - [32mINFO[0m - Epoch [2] Batch [20/2016] Loss: 0.0281 Acc: 87.34%
[2025-12-02 00:26:16] src.utils.training - [32mINFO[0m - Epoch [2] Batch [40/2016] Loss: 0.0273 Acc: 86.48%
[2025-12-02 00:27:09] src.utils.training - [32mINFO[0m - Epoch [2] Batch [60/2016] Loss: 0.0266 Acc: 87.40%
[2025-12-02 00:28:02] src.utils.training - [32mINFO[0m - Epoch [2] Batch [80/2016] Loss: 0.0254 Acc: 87.81%
[2025-12-02 00:28:55] src.utils.training - [32mINFO[0m - Epoch [2] Batch [100/2016] Loss: 0.0264 Acc: 87.66%
[2025-12-02 00:29:48] src.utils.training - [32mINFO[0m - Epoch [2] Batch [120/2016] Loss: 0.0265 Acc: 87.86%
[2025-12-02 00:30:41] src.utils.training - [32mINFO[0m - Epoch [2] Batch [140/2016] Loss: 0.0264 Acc: 87.75%
[2025-12-02 00:31:34] src.utils.training - [32mINFO[0m - Epoch [2] Batch [160/2016] Loss: 0.0262 Acc: 87.85%
[2025-12-02 00:32:27] src.utils.training - [32mINFO[0m - Epoch [2] Batch [180/2016] Loss: 0.0261 Acc: 87.55%
[2025-12-02 00:33:20] src.utils.training - [32mINFO[0m - Epoch [2] Batch [200/2016] Loss: 0.0258 Acc: 87.66%
[2025-12-02 00:34:13] src.utils.training - [32mINFO[0m - Epoch [2] Batch [220/2016] Loss: 0.0256 Acc: 88.08%
[2025-12-02 00:35:07] src.utils.training - [32mINFO[0m - Epoch [2] Batch [240/2016] Loss: 0.0255 Acc: 88.07%
[2025-12-02 00:36:00] src.utils.training - [32mINFO[0m - Epoch [2] Batch [260/2016] Loss: 0.0254 Acc: 88.11%
[2025-12-02 00:36:53] src.utils.training - [32mINFO[0m - Epoch [2] Batch [280/2016] Loss: 0.0260 Acc: 88.09%
[2025-12-02 00:37:46] src.utils.training - [32mINFO[0m - Epoch [2] Batch [300/2016] Loss: 0.0257 Acc: 88.23%
[2025-12-02 00:38:39] src.utils.training - [32mINFO[0m - Epoch [2] Batch [320/2016] Loss: 0.0256 Acc: 88.34%
[2025-12-02 00:39:32] src.utils.training - [32mINFO[0m - Epoch [2] Batch [340/2016] Loss: 0.0254 Acc: 88.42%
[2025-12-02 00:40:25] src.utils.training - [32mINFO[0m - Epoch [2] Batch [360/2016] Loss: 0.0252 Acc: 88.59%
[2025-12-02 00:41:18] src.utils.training - [32mINFO[0m - Epoch [2] Batch [380/2016] Loss: 0.0249 Acc: 88.66%
[2025-12-02 00:42:11] src.utils.training - [32mINFO[0m - Epoch [2] Batch [400/2016] Loss: 0.0249 Acc: 88.73%
[2025-12-02 00:43:04] src.utils.training - [32mINFO[0m - Epoch [2] Batch [420/2016] Loss: 0.0249 Acc: 88.73%
[2025-12-02 00:43:57] src.utils.training - [32mINFO[0m - Epoch [2] Batch [440/2016] Loss: 0.0247 Acc: 88.83%
[2025-12-02 00:44:50] src.utils.training - [32mINFO[0m - Epoch [2] Batch [460/2016] Loss: 0.0247 Acc: 88.85%
[2025-12-02 00:45:43] src.utils.training - [32mINFO[0m - Epoch [2] Batch [480/2016] Loss: 0.0246 Acc: 88.86%
[2025-12-02 00:46:36] src.utils.training - [32mINFO[0m - Epoch [2] Batch [500/2016] Loss: 0.0246 Acc: 88.92%
[2025-12-02 00:47:29] src.utils.training - [32mINFO[0m - Epoch [2] Batch [520/2016] Loss: 0.0246 Acc: 88.98%
[2025-12-02 00:48:22] src.utils.training - [32mINFO[0m - Epoch [2] Batch [540/2016] Loss: 0.0246 Acc: 88.99%
[2025-12-02 00:49:15] src.utils.training - [32mINFO[0m - Epoch [2] Batch [560/2016] Loss: 0.0245 Acc: 89.07%
[2025-12-02 00:50:08] src.utils.training - [32mINFO[0m - Epoch [2] Batch [580/2016] Loss: 0.0243 Acc: 89.09%
[2025-12-02 00:51:02] src.utils.training - [32mINFO[0m - Epoch [2] Batch [600/2016] Loss: 0.0243 Acc: 89.14%
[2025-12-02 00:51:55] src.utils.training - [32mINFO[0m - Epoch [2] Batch [620/2016] Loss: 0.0242 Acc: 89.20%
[2025-12-02 00:52:48] src.utils.training - [32mINFO[0m - Epoch [2] Batch [640/2016] Loss: 0.0241 Acc: 89.19%
[2025-12-02 00:53:41] src.utils.training - [32mINFO[0m - Epoch [2] Batch [660/2016] Loss: 0.0241 Acc: 89.20%
[2025-12-02 00:54:34] src.utils.training - [32mINFO[0m - Epoch [2] Batch [680/2016] Loss: 0.0241 Acc: 89.25%
[2025-12-02 00:55:27] src.utils.training - [32mINFO[0m - Epoch [2] Batch [700/2016] Loss: 0.0241 Acc: 89.19%
[2025-12-02 00:56:20] src.utils.training - [32mINFO[0m - Epoch [2] Batch [720/2016] Loss: 0.0240 Acc: 89.22%
[2025-12-02 00:57:13] src.utils.training - [32mINFO[0m - Epoch [2] Batch [740/2016] Loss: 0.0240 Acc: 89.26%
[2025-12-02 00:58:06] src.utils.training - [32mINFO[0m - Epoch [2] Batch [760/2016] Loss: 0.0239 Acc: 89.31%
[2025-12-02 00:58:59] src.utils.training - [32mINFO[0m - Epoch [2] Batch [780/2016] Loss: 0.0237 Acc: 89.36%
[2025-12-02 00:59:52] src.utils.training - [32mINFO[0m - Epoch [2] Batch [800/2016] Loss: 0.0236 Acc: 89.39%
[2025-12-02 01:00:45] src.utils.training - [32mINFO[0m - Epoch [2] Batch [820/2016] Loss: 0.0236 Acc: 89.41%
[2025-12-02 01:01:38] src.utils.training - [32mINFO[0m - Epoch [2] Batch [840/2016] Loss: 0.0235 Acc: 89.46%
[2025-12-02 01:02:31] src.utils.training - [32mINFO[0m - Epoch [2] Batch [860/2016] Loss: 0.0235 Acc: 89.51%
[2025-12-02 01:03:24] src.utils.training - [32mINFO[0m - Epoch [2] Batch [880/2016] Loss: 0.0233 Acc: 89.55%
[2025-12-02 01:04:17] src.utils.training - [32mINFO[0m - Epoch [2] Batch [900/2016] Loss: 0.0233 Acc: 89.58%
[2025-12-02 01:05:10] src.utils.training - [32mINFO[0m - Epoch [2] Batch [920/2016] Loss: 0.0232 Acc: 89.62%
[2025-12-02 01:06:04] src.utils.training - [32mINFO[0m - Epoch [2] Batch [940/2016] Loss: 0.0231 Acc: 89.64%
[2025-12-02 01:06:57] src.utils.training - [32mINFO[0m - Epoch [2] Batch [960/2016] Loss: 0.0231 Acc: 89.65%
[2025-12-02 01:07:50] src.utils.training - [32mINFO[0m - Epoch [2] Batch [980/2016] Loss: 0.0230 Acc: 89.68%
[2025-12-02 01:08:43] src.utils.training - [32mINFO[0m - Epoch [2] Batch [1000/2016] Loss: 0.0229 Acc: 89.69%
[2025-12-02 01:09:36] src.utils.training - [32mINFO[0m - Epoch [2] Batch [1020/2016] Loss: 0.0229 Acc: 89.72%
[2025-12-02 01:10:29] src.utils.training - [32mINFO[0m - Epoch [2] Batch [1040/2016] Loss: 0.0228 Acc: 89.74%
[2025-12-02 01:11:22] src.utils.training - [32mINFO[0m - Epoch [2] Batch [1060/2016] Loss: 0.0228 Acc: 89.76%
[2025-12-02 01:12:15] src.utils.training - [32mINFO[0m - Epoch [2] Batch [1080/2016] Loss: 0.0227 Acc: 89.81%
[2025-12-02 01:13:08] src.utils.training - [32mINFO[0m - Epoch [2] Batch [1100/2016] Loss: 0.0227 Acc: 89.85%
[2025-12-02 01:14:01] src.utils.training - [32mINFO[0m - Epoch [2] Batch [1120/2016] Loss: 0.0227 Acc: 89.87%
[2025-12-02 01:14:54] src.utils.training - [32mINFO[0m - Epoch [2] Batch [1140/2016] Loss: 0.0226 Acc: 89.88%
[2025-12-02 01:15:47] src.utils.training - [32mINFO[0m - Epoch [2] Batch [1160/2016] Loss: 0.0226 Acc: 89.89%
[2025-12-02 01:16:40] src.utils.training - [32mINFO[0m - Epoch [2] Batch [1180/2016] Loss: 0.0225 Acc: 89.93%
[2025-12-02 01:17:33] src.utils.training - [32mINFO[0m - Epoch [2] Batch [1200/2016] Loss: 0.0225 Acc: 89.95%
[2025-12-02 01:18:26] src.utils.training - [32mINFO[0m - Epoch [2] Batch [1220/2016] Loss: 0.0224 Acc: 89.99%
[2025-12-02 01:19:19] src.utils.training - [32mINFO[0m - Epoch [2] Batch [1240/2016] Loss: 0.0223 Acc: 90.03%
[2025-12-02 01:20:12] src.utils.training - [32mINFO[0m - Epoch [2] Batch [1260/2016] Loss: 0.0222 Acc: 90.07%
[2025-12-02 01:21:05] src.utils.training - [32mINFO[0m - Epoch [2] Batch [1280/2016] Loss: 0.0222 Acc: 90.08%
[2025-12-02 01:21:58] src.utils.training - [32mINFO[0m - Epoch [2] Batch [1300/2016] Loss: 0.0221 Acc: 90.10%
[2025-12-02 01:22:52] src.utils.training - [32mINFO[0m - Epoch [2] Batch [1320/2016] Loss: 0.0221 Acc: 90.10%
[2025-12-02 01:23:45] src.utils.training - [32mINFO[0m - Epoch [2] Batch [1340/2016] Loss: 0.0221 Acc: 90.12%
[2025-12-02 01:24:38] src.utils.training - [32mINFO[0m - Epoch [2] Batch [1360/2016] Loss: 0.0221 Acc: 90.17%
[2025-12-02 01:25:31] src.utils.training - [32mINFO[0m - Epoch [2] Batch [1380/2016] Loss: 0.0220 Acc: 90.20%
[2025-12-02 01:26:24] src.utils.training - [32mINFO[0m - Epoch [2] Batch [1400/2016] Loss: 0.0219 Acc: 90.22%
[2025-12-02 01:27:17] src.utils.training - [32mINFO[0m - Epoch [2] Batch [1420/2016] Loss: 0.0219 Acc: 90.22%
[2025-12-02 01:28:10] src.utils.training - [32mINFO[0m - Epoch [2] Batch [1440/2016] Loss: 0.0219 Acc: 90.22%
[2025-12-02 01:29:03] src.utils.training - [32mINFO[0m - Epoch [2] Batch [1460/2016] Loss: 0.0219 Acc: 90.23%
[2025-12-02 01:29:56] src.utils.training - [32mINFO[0m - Epoch [2] Batch [1480/2016] Loss: 0.0219 Acc: 90.22%
[2025-12-02 01:30:49] src.utils.training - [32mINFO[0m - Epoch [2] Batch [1500/2016] Loss: 0.0218 Acc: 90.22%
[2025-12-02 01:31:42] src.utils.training - [32mINFO[0m - Epoch [2] Batch [1520/2016] Loss: 0.0218 Acc: 90.23%
[2025-12-02 01:32:35] src.utils.training - [32mINFO[0m - Epoch [2] Batch [1540/2016] Loss: 0.0217 Acc: 90.27%
[2025-12-02 01:33:28] src.utils.training - [32mINFO[0m - Epoch [2] Batch [1560/2016] Loss: 0.0216 Acc: 90.29%
[2025-12-02 01:34:21] src.utils.training - [32mINFO[0m - Epoch [2] Batch [1580/2016] Loss: 0.0216 Acc: 90.31%
[2025-12-02 01:35:14] src.utils.training - [32mINFO[0m - Epoch [2] Batch [1600/2016] Loss: 0.0216 Acc: 90.30%
[2025-12-02 01:36:07] src.utils.training - [32mINFO[0m - Epoch [2] Batch [1620/2016] Loss: 0.0215 Acc: 90.32%
[2025-12-02 01:37:01] src.utils.training - [32mINFO[0m - Epoch [2] Batch [1640/2016] Loss: 0.0215 Acc: 90.34%
[2025-12-02 01:37:54] src.utils.training - [32mINFO[0m - Epoch [2] Batch [1660/2016] Loss: 0.0215 Acc: 90.35%
[2025-12-02 01:38:47] src.utils.training - [32mINFO[0m - Epoch [2] Batch [1680/2016] Loss: 0.0214 Acc: 90.37%
[2025-12-02 01:39:40] src.utils.training - [32mINFO[0m - Epoch [2] Batch [1700/2016] Loss: 0.0215 Acc: 90.37%
[2025-12-02 01:40:33] src.utils.training - [32mINFO[0m - Epoch [2] Batch [1720/2016] Loss: 0.0214 Acc: 90.39%
[2025-12-02 01:41:26] src.utils.training - [32mINFO[0m - Epoch [2] Batch [1740/2016] Loss: 0.0214 Acc: 90.41%
[2025-12-02 01:42:19] src.utils.training - [32mINFO[0m - Epoch [2] Batch [1760/2016] Loss: 0.0214 Acc: 90.42%
[2025-12-02 01:43:12] src.utils.training - [32mINFO[0m - Epoch [2] Batch [1780/2016] Loss: 0.0213 Acc: 90.44%
[2025-12-02 01:44:05] src.utils.training - [32mINFO[0m - Epoch [2] Batch [1800/2016] Loss: 0.0213 Acc: 90.45%
[2025-12-02 01:44:58] src.utils.training - [32mINFO[0m - Epoch [2] Batch [1820/2016] Loss: 0.0213 Acc: 90.44%
[2025-12-02 01:45:51] src.utils.training - [32mINFO[0m - Epoch [2] Batch [1840/2016] Loss: 0.0213 Acc: 90.46%
[2025-12-02 01:46:44] src.utils.training - [32mINFO[0m - Epoch [2] Batch [1860/2016] Loss: 0.0212 Acc: 90.47%
[2025-12-02 01:47:37] src.utils.training - [32mINFO[0m - Epoch [2] Batch [1880/2016] Loss: 0.0211 Acc: 90.51%
[2025-12-02 01:48:30] src.utils.training - [32mINFO[0m - Epoch [2] Batch [1900/2016] Loss: 0.0212 Acc: 90.50%
[2025-12-02 01:49:23] src.utils.training - [32mINFO[0m - Epoch [2] Batch [1920/2016] Loss: 0.0211 Acc: 90.54%
[2025-12-02 01:50:16] src.utils.training - [32mINFO[0m - Epoch [2] Batch [1940/2016] Loss: 0.0210 Acc: 90.57%
[2025-12-02 01:51:10] src.utils.training - [32mINFO[0m - Epoch [2] Batch [1960/2016] Loss: 0.0210 Acc: 90.60%
[2025-12-02 01:52:03] src.utils.training - [32mINFO[0m - Epoch [2] Batch [1980/2016] Loss: 0.0209 Acc: 90.62%
[2025-12-02 01:52:56] src.utils.training - [32mINFO[0m - Epoch [2] Batch [2000/2016] Loss: 0.0209 Acc: 90.63%
[2025-12-02 01:53:36] src.utils.training - [32mINFO[0m - Epoch [2] Training Completed in 5348s - Loss: 0.0209 Acc: 90.63%
[2025-12-02 01:54:08] src.utils.clip_level_evaluation - [32mINFO[0m - [VAL] Batch 50/435 Loss: 0.0406
[2025-12-02 01:54:38] src.utils.clip_level_evaluation - [32mINFO[0m - [VAL] Batch 100/435 Loss: 0.0307
[2025-12-02 01:55:09] src.utils.clip_level_evaluation - [32mINFO[0m - [VAL] Batch 150/435 Loss: 0.0622
[2025-12-02 01:55:39] src.utils.clip_level_evaluation - [32mINFO[0m - [VAL] Batch 200/435 Loss: 0.0683
[2025-12-02 01:56:10] src.utils.clip_level_evaluation - [32mINFO[0m - [VAL] Batch 250/435 Loss: 0.0651
[2025-12-02 01:56:40] src.utils.clip_level_evaluation - [32mINFO[0m - [VAL] Batch 300/435 Loss: 0.0574
[2025-12-02 01:57:11] src.utils.clip_level_evaluation - [32mINFO[0m - [VAL] Batch 350/435 Loss: 0.0551
[2025-12-02 01:57:42] src.utils.clip_level_evaluation - [32mINFO[0m - [VAL] Batch 400/435 Loss: 0.0636
[2025-12-02 01:58:03] src.utils.clip_level_evaluation - [32mINFO[0m - [VAL] Finished in 267s
[2025-12-02 01:58:03] src.utils.clip_level_evaluation - [32mINFO[0m - Results:
Loss: 0.0682 | Acc: 70.91% | AUC: 0.8254
   >> Anomaly: P=0.539 R=0.795 F1=0.642
   >> Normal:  P=0.869 R=0.667
   >> Counts:  TP=3637 FN=939 (Missed) | TN=6232 FP=3109 (False Alarm)
   >> Rates:   FPR=0.3328 | FNR=0.2052
[2025-12-02 01:58:03] __main__ - [32mINFO[0m - Epoch [2] Validation Summary - Loss: 0.0682 | Acc: 70.91% | AUC: 0.8254
[2025-12-02 01:58:03] __main__ - [32mINFO[0m -   Anomaly Detection: Precision=0.539 Recall=0.795 F1=0.642
[2025-12-02 01:58:03] __main__ - [32mINFO[0m -   Confusion Matrix: TP=3637 FN=939 TN=6232 FP=3109
[2025-12-02 01:58:03] __main__ - [32mINFO[0m -   Error Rates: FPR=0.3328 FNR=0.2052
[2025-12-02 01:58:03] __main__ - [32mINFO[0m - New best AUC: 0.8254
[2025-12-02 01:58:04] src.utils.training_utils - [32mINFO[0m - Saved best model to /work3/s225224/ucf-crime/checkpoints/r3d_binary_20251201_225053/best_model.pth
[2025-12-02 01:58:58] src.utils.training - [32mINFO[0m - Epoch [3] Batch [20/2016] Loss: 0.0144 Acc: 93.44%
[2025-12-02 01:59:51] src.utils.training - [32mINFO[0m - Epoch [3] Batch [40/2016] Loss: 0.0152 Acc: 93.05%
[2025-12-02 02:00:44] src.utils.training - [32mINFO[0m - Epoch [3] Batch [60/2016] Loss: 0.0158 Acc: 93.49%
[2025-12-02 02:01:37] src.utils.training - [32mINFO[0m - Epoch [3] Batch [80/2016] Loss: 0.0148 Acc: 93.79%
[2025-12-02 02:02:30] src.utils.training - [32mINFO[0m - Epoch [3] Batch [100/2016] Loss: 0.0163 Acc: 93.44%
[2025-12-02 02:03:23] src.utils.training - [32mINFO[0m - Epoch [3] Batch [120/2016] Loss: 0.0176 Acc: 92.94%
[2025-12-02 02:04:16] src.utils.training - [32mINFO[0m - Epoch [3] Batch [140/2016] Loss: 0.0173 Acc: 92.81%
[2025-12-02 02:05:10] src.utils.training - [32mINFO[0m - Epoch [3] Batch [160/2016] Loss: 0.0174 Acc: 92.66%
[2025-12-02 02:06:03] src.utils.training - [32mINFO[0m - Epoch [3] Batch [180/2016] Loss: 0.0171 Acc: 92.66%
[2025-12-02 02:06:56] src.utils.training - [32mINFO[0m - Epoch [3] Batch [200/2016] Loss: 0.0175 Acc: 92.67%
[2025-12-02 02:07:49] src.utils.training - [32mINFO[0m - Epoch [3] Batch [220/2016] Loss: 0.0177 Acc: 92.56%
[2025-12-02 02:08:42] src.utils.training - [32mINFO[0m - Epoch [3] Batch [240/2016] Loss: 0.0174 Acc: 92.60%
[2025-12-02 02:09:35] src.utils.training - [32mINFO[0m - Epoch [3] Batch [260/2016] Loss: 0.0171 Acc: 92.70%
[2025-12-02 02:10:28] src.utils.training - [32mINFO[0m - Epoch [3] Batch [280/2016] Loss: 0.0172 Acc: 92.58%
[2025-12-02 02:11:21] src.utils.training - [32mINFO[0m - Epoch [3] Batch [300/2016] Loss: 0.0169 Acc: 92.70%
[2025-12-02 02:12:14] src.utils.training - [32mINFO[0m - Epoch [3] Batch [320/2016] Loss: 0.0167 Acc: 92.81%
[2025-12-02 02:13:07] src.utils.training - [32mINFO[0m - Epoch [3] Batch [340/2016] Loss: 0.0164 Acc: 92.82%
[2025-12-02 02:14:00] src.utils.training - [32mINFO[0m - Epoch [3] Batch [360/2016] Loss: 0.0164 Acc: 92.87%
[2025-12-02 02:14:53] src.utils.training - [32mINFO[0m - Epoch [3] Batch [380/2016] Loss: 0.0163 Acc: 92.99%
[2025-12-02 02:15:46] src.utils.training - [32mINFO[0m - Epoch [3] Batch [400/2016] Loss: 0.0162 Acc: 93.02%
[2025-12-02 02:16:39] src.utils.training - [32mINFO[0m - Epoch [3] Batch [420/2016] Loss: 0.0161 Acc: 93.00%
[2025-12-02 02:17:32] src.utils.training - [32mINFO[0m - Epoch [3] Batch [440/2016] Loss: 0.0161 Acc: 92.95%
[2025-12-02 02:18:25] src.utils.training - [32mINFO[0m - Epoch [3] Batch [460/2016] Loss: 0.0161 Acc: 92.85%
[2025-12-02 02:19:18] src.utils.training - [32mINFO[0m - Epoch [3] Batch [480/2016] Loss: 0.0161 Acc: 92.85%
[2025-12-02 02:20:12] src.utils.training - [32mINFO[0m - Epoch [3] Batch [500/2016] Loss: 0.0161 Acc: 92.84%
[2025-12-02 02:21:05] src.utils.training - [32mINFO[0m - Epoch [3] Batch [520/2016] Loss: 0.0162 Acc: 92.82%
[2025-12-02 02:21:58] src.utils.training - [32mINFO[0m - Epoch [3] Batch [540/2016] Loss: 0.0161 Acc: 92.79%
[2025-12-02 02:22:51] src.utils.training - [32mINFO[0m - Epoch [3] Batch [560/2016] Loss: 0.0161 Acc: 92.80%
[2025-12-02 02:23:44] src.utils.training - [32mINFO[0m - Epoch [3] Batch [580/2016] Loss: 0.0161 Acc: 92.77%
[2025-12-02 02:24:37] src.utils.training - [32mINFO[0m - Epoch [3] Batch [600/2016] Loss: 0.0161 Acc: 92.77%
[2025-12-02 02:25:30] src.utils.training - [32mINFO[0m - Epoch [3] Batch [620/2016] Loss: 0.0161 Acc: 92.77%
[2025-12-02 02:26:23] src.utils.training - [32mINFO[0m - Epoch [3] Batch [640/2016] Loss: 0.0160 Acc: 92.78%
[2025-12-02 02:27:16] src.utils.training - [32mINFO[0m - Epoch [3] Batch [660/2016] Loss: 0.0161 Acc: 92.75%
[2025-12-02 02:28:09] src.utils.training - [32mINFO[0m - Epoch [3] Batch [680/2016] Loss: 0.0161 Acc: 92.77%
[2025-12-02 02:29:02] src.utils.training - [32mINFO[0m - Epoch [3] Batch [700/2016] Loss: 0.0161 Acc: 92.78%
[2025-12-02 02:29:55] src.utils.training - [32mINFO[0m - Epoch [3] Batch [720/2016] Loss: 0.0161 Acc: 92.76%
[2025-12-02 02:30:48] src.utils.training - [32mINFO[0m - Epoch [3] Batch [740/2016] Loss: 0.0160 Acc: 92.80%
[2025-12-02 02:31:41] src.utils.training - [32mINFO[0m - Epoch [3] Batch [760/2016] Loss: 0.0160 Acc: 92.85%
[2025-12-02 02:32:34] src.utils.training - [32mINFO[0m - Epoch [3] Batch [780/2016] Loss: 0.0159 Acc: 92.89%
[2025-12-02 02:33:27] src.utils.training - [32mINFO[0m - Epoch [3] Batch [800/2016] Loss: 0.0160 Acc: 92.86%
[2025-12-02 02:34:20] src.utils.training - [32mINFO[0m - Epoch [3] Batch [820/2016] Loss: 0.0159 Acc: 92.93%
[2025-12-02 02:35:13] src.utils.training - [32mINFO[0m - Epoch [3] Batch [840/2016] Loss: 0.0158 Acc: 92.98%
[2025-12-02 02:36:07] src.utils.training - [32mINFO[0m - Epoch [3] Batch [860/2016] Loss: 0.0157 Acc: 92.99%
[2025-12-02 02:37:00] src.utils.training - [32mINFO[0m - Epoch [3] Batch [880/2016] Loss: 0.0157 Acc: 93.05%
[2025-12-02 02:37:53] src.utils.training - [32mINFO[0m - Epoch [3] Batch [900/2016] Loss: 0.0157 Acc: 93.06%
[2025-12-02 02:38:46] src.utils.training - [32mINFO[0m - Epoch [3] Batch [920/2016] Loss: 0.0157 Acc: 93.07%
[2025-12-02 02:39:39] src.utils.training - [32mINFO[0m - Epoch [3] Batch [940/2016] Loss: 0.0156 Acc: 93.09%
[2025-12-02 02:40:32] src.utils.training - [32mINFO[0m - Epoch [3] Batch [960/2016] Loss: 0.0156 Acc: 93.11%
[2025-12-02 02:41:25] src.utils.training - [32mINFO[0m - Epoch [3] Batch [980/2016] Loss: 0.0156 Acc: 93.13%
[2025-12-02 02:42:18] src.utils.training - [32mINFO[0m - Epoch [3] Batch [1000/2016] Loss: 0.0156 Acc: 93.17%
[2025-12-02 02:43:11] src.utils.training - [32mINFO[0m - Epoch [3] Batch [1020/2016] Loss: 0.0155 Acc: 93.19%
[2025-12-02 02:44:04] src.utils.training - [32mINFO[0m - Epoch [3] Batch [1040/2016] Loss: 0.0155 Acc: 93.20%
[2025-12-02 02:44:57] src.utils.training - [32mINFO[0m - Epoch [3] Batch [1060/2016] Loss: 0.0155 Acc: 93.21%
[2025-12-02 02:45:50] src.utils.training - [32mINFO[0m - Epoch [3] Batch [1080/2016] Loss: 0.0155 Acc: 93.20%
[2025-12-02 02:46:43] src.utils.training - [32mINFO[0m - Epoch [3] Batch [1100/2016] Loss: 0.0154 Acc: 93.23%
[2025-12-02 02:47:36] src.utils.training - [32mINFO[0m - Epoch [3] Batch [1120/2016] Loss: 0.0154 Acc: 93.26%
[2025-12-02 02:48:29] src.utils.training - [32mINFO[0m - Epoch [3] Batch [1140/2016] Loss: 0.0154 Acc: 93.26%
[2025-12-02 02:49:23] src.utils.training - [32mINFO[0m - Epoch [3] Batch [1160/2016] Loss: 0.0154 Acc: 93.28%
[2025-12-02 02:50:16] src.utils.training - [32mINFO[0m - Epoch [3] Batch [1180/2016] Loss: 0.0154 Acc: 93.29%
[2025-12-02 02:51:09] src.utils.training - [32mINFO[0m - Epoch [3] Batch [1200/2016] Loss: 0.0153 Acc: 93.30%
[2025-12-02 02:52:02] src.utils.training - [32mINFO[0m - Epoch [3] Batch [1220/2016] Loss: 0.0153 Acc: 93.32%
[2025-12-02 02:52:55] src.utils.training - [32mINFO[0m - Epoch [3] Batch [1240/2016] Loss: 0.0154 Acc: 93.30%
[2025-12-02 02:53:48] src.utils.training - [32mINFO[0m - Epoch [3] Batch [1260/2016] Loss: 0.0154 Acc: 93.31%
[2025-12-02 02:54:41] src.utils.training - [32mINFO[0m - Epoch [3] Batch [1280/2016] Loss: 0.0154 Acc: 93.31%
[2025-12-02 02:55:34] src.utils.training - [32mINFO[0m - Epoch [3] Batch [1300/2016] Loss: 0.0153 Acc: 93.32%
[2025-12-02 02:56:27] src.utils.training - [32mINFO[0m - Epoch [3] Batch [1320/2016] Loss: 0.0153 Acc: 93.35%
[2025-12-02 02:57:20] src.utils.training - [32mINFO[0m - Epoch [3] Batch [1340/2016] Loss: 0.0154 Acc: 93.36%
[2025-12-02 02:58:13] src.utils.training - [32mINFO[0m - Epoch [3] Batch [1360/2016] Loss: 0.0154 Acc: 93.34%
[2025-12-02 02:59:06] src.utils.training - [32mINFO[0m - Epoch [3] Batch [1380/2016] Loss: 0.0153 Acc: 93.34%
[2025-12-02 02:59:59] src.utils.training - [32mINFO[0m - Epoch [3] Batch [1400/2016] Loss: 0.0153 Acc: 93.36%
[2025-12-02 03:00:52] src.utils.training - [32mINFO[0m - Epoch [3] Batch [1420/2016] Loss: 0.0153 Acc: 93.38%
[2025-12-02 03:01:45] src.utils.training - [32mINFO[0m - Epoch [3] Batch [1440/2016] Loss: 0.0152 Acc: 93.40%
[2025-12-02 03:02:38] src.utils.training - [32mINFO[0m - Epoch [3] Batch [1460/2016] Loss: 0.0152 Acc: 93.40%
[2025-12-02 03:03:31] src.utils.training - [32mINFO[0m - Epoch [3] Batch [1480/2016] Loss: 0.0151 Acc: 93.43%
[2025-12-02 03:04:24] src.utils.training - [32mINFO[0m - Epoch [3] Batch [1500/2016] Loss: 0.0151 Acc: 93.42%
[2025-12-02 03:05:17] src.utils.training - [32mINFO[0m - Epoch [3] Batch [1520/2016] Loss: 0.0151 Acc: 93.45%
[2025-12-02 03:06:10] src.utils.training - [32mINFO[0m - Epoch [3] Batch [1540/2016] Loss: 0.0150 Acc: 93.47%
[2025-12-02 03:07:03] src.utils.training - [32mINFO[0m - Epoch [3] Batch [1560/2016] Loss: 0.0150 Acc: 93.50%
[2025-12-02 03:07:57] src.utils.training - [32mINFO[0m - Epoch [3] Batch [1580/2016] Loss: 0.0150 Acc: 93.50%
[2025-12-02 03:08:50] src.utils.training - [32mINFO[0m - Epoch [3] Batch [1600/2016] Loss: 0.0149 Acc: 93.53%
[2025-12-02 03:09:43] src.utils.training - [32mINFO[0m - Epoch [3] Batch [1620/2016] Loss: 0.0149 Acc: 93.53%
[2025-12-02 03:10:36] src.utils.training - [32mINFO[0m - Epoch [3] Batch [1640/2016] Loss: 0.0149 Acc: 93.54%
[2025-12-02 03:11:29] src.utils.training - [32mINFO[0m - Epoch [3] Batch [1660/2016] Loss: 0.0149 Acc: 93.54%
[2025-12-02 03:12:22] src.utils.training - [32mINFO[0m - Epoch [3] Batch [1680/2016] Loss: 0.0149 Acc: 93.56%
[2025-12-02 03:13:15] src.utils.training - [32mINFO[0m - Epoch [3] Batch [1700/2016] Loss: 0.0149 Acc: 93.56%
[2025-12-02 03:14:08] src.utils.training - [32mINFO[0m - Epoch [3] Batch [1720/2016] Loss: 0.0148 Acc: 93.57%
[2025-12-02 03:15:01] src.utils.training - [32mINFO[0m - Epoch [3] Batch [1740/2016] Loss: 0.0148 Acc: 93.57%
[2025-12-02 03:15:54] src.utils.training - [32mINFO[0m - Epoch [3] Batch [1760/2016] Loss: 0.0148 Acc: 93.59%
[2025-12-02 03:16:47] src.utils.training - [32mINFO[0m - Epoch [3] Batch [1780/2016] Loss: 0.0147 Acc: 93.62%
[2025-12-02 03:17:40] src.utils.training - [32mINFO[0m - Epoch [3] Batch [1800/2016] Loss: 0.0147 Acc: 93.62%
[2025-12-02 03:18:33] src.utils.training - [32mINFO[0m - Epoch [3] Batch [1820/2016] Loss: 0.0147 Acc: 93.63%
[2025-12-02 03:19:26] src.utils.training - [32mINFO[0m - Epoch [3] Batch [1840/2016] Loss: 0.0146 Acc: 93.64%
[2025-12-02 03:20:19] src.utils.training - [32mINFO[0m - Epoch [3] Batch [1860/2016] Loss: 0.0146 Acc: 93.65%
[2025-12-02 03:21:12] src.utils.training - [32mINFO[0m - Epoch [3] Batch [1880/2016] Loss: 0.0145 Acc: 93.67%
[2025-12-02 03:22:05] src.utils.training - [32mINFO[0m - Epoch [3] Batch [1900/2016] Loss: 0.0145 Acc: 93.68%
[2025-12-02 03:22:58] src.utils.training - [32mINFO[0m - Epoch [3] Batch [1920/2016] Loss: 0.0145 Acc: 93.69%
[2025-12-02 03:23:52] src.utils.training - [32mINFO[0m - Epoch [3] Batch [1940/2016] Loss: 0.0144 Acc: 93.70%
[2025-12-02 03:24:45] src.utils.training - [32mINFO[0m - Epoch [3] Batch [1960/2016] Loss: 0.0144 Acc: 93.71%
[2025-12-02 03:25:38] src.utils.training - [32mINFO[0m - Epoch [3] Batch [1980/2016] Loss: 0.0144 Acc: 93.73%
[2025-12-02 03:26:31] src.utils.training - [32mINFO[0m - Epoch [3] Batch [2000/2016] Loss: 0.0144 Acc: 93.75%
[2025-12-02 03:27:11] src.utils.training - [32mINFO[0m - Epoch [3] Training Completed in 5348s - Loss: 0.0144 Acc: 93.75%
[2025-12-02 03:27:43] src.utils.clip_level_evaluation - [32mINFO[0m - [VAL] Batch 50/435 Loss: 0.0286
[2025-12-02 03:28:13] src.utils.clip_level_evaluation - [32mINFO[0m - [VAL] Batch 100/435 Loss: 0.0281
[2025-12-02 03:28:44] src.utils.clip_level_evaluation - [32mINFO[0m - [VAL] Batch 150/435 Loss: 0.0562
[2025-12-02 03:29:14] src.utils.clip_level_evaluation - [32mINFO[0m - [VAL] Batch 200/435 Loss: 0.0570
[2025-12-02 03:29:45] src.utils.clip_level_evaluation - [32mINFO[0m - [VAL] Batch 250/435 Loss: 0.0518
[2025-12-02 03:30:15] src.utils.clip_level_evaluation - [32mINFO[0m - [VAL] Batch 300/435 Loss: 0.0467
[2025-12-02 03:30:46] src.utils.clip_level_evaluation - [32mINFO[0m - [VAL] Batch 350/435 Loss: 0.0470
[2025-12-02 03:31:17] src.utils.clip_level_evaluation - [32mINFO[0m - [VAL] Batch 400/435 Loss: 0.0587
[2025-12-02 03:31:38] src.utils.clip_level_evaluation - [32mINFO[0m - [VAL] Finished in 267s
[2025-12-02 03:31:38] src.utils.clip_level_evaluation - [32mINFO[0m - Results:
Loss: 0.0655 | Acc: 75.94% | AUC: 0.8566
   >> Anomaly: P=0.603 R=0.787 F1=0.683
   >> Normal:  P=0.877 R=0.746
   >> Counts:  TP=3603 FN=973 (Missed) | TN=6966 FP=2375 (False Alarm)
   >> Rates:   FPR=0.2543 | FNR=0.2126
[2025-12-02 03:31:38] __main__ - [32mINFO[0m - Epoch [3] Validation Summary - Loss: 0.0655 | Acc: 75.94% | AUC: 0.8566
[2025-12-02 03:31:38] __main__ - [32mINFO[0m -   Anomaly Detection: Precision=0.603 Recall=0.787 F1=0.683
[2025-12-02 03:31:38] __main__ - [32mINFO[0m -   Confusion Matrix: TP=3603 FN=973 TN=6966 FP=2375
[2025-12-02 03:31:38] __main__ - [32mINFO[0m -   Error Rates: FPR=0.2543 FNR=0.2126
[2025-12-02 03:31:38] __main__ - [32mINFO[0m - New best AUC: 0.8566
[2025-12-02 03:31:39] src.utils.training_utils - [32mINFO[0m - Saved best model to /work3/s225224/ucf-crime/checkpoints/r3d_binary_20251201_225053/best_model.pth
[2025-12-02 03:32:34] src.utils.training - [32mINFO[0m - Epoch [4] Batch [20/2016] Loss: 0.0105 Acc: 95.78%
[2025-12-02 03:33:27] src.utils.training - [32mINFO[0m - Epoch [4] Batch [40/2016] Loss: 0.0116 Acc: 95.31%
[2025-12-02 03:34:20] src.utils.training - [32mINFO[0m - Epoch [4] Batch [60/2016] Loss: 0.0114 Acc: 95.36%
[2025-12-02 03:35:13] src.utils.training - [32mINFO[0m - Epoch [4] Batch [80/2016] Loss: 0.0115 Acc: 95.62%
[2025-12-02 03:36:06] src.utils.training - [32mINFO[0m - Epoch [4] Batch [100/2016] Loss: 0.0120 Acc: 95.16%
[2025-12-02 03:36:59] src.utils.training - [32mINFO[0m - Epoch [4] Batch [120/2016] Loss: 0.0116 Acc: 95.39%
[2025-12-02 03:37:52] src.utils.training - [32mINFO[0m - Epoch [4] Batch [140/2016] Loss: 0.0120 Acc: 95.11%
[2025-12-02 03:38:45] src.utils.training - [32mINFO[0m - Epoch [4] Batch [160/2016] Loss: 0.0122 Acc: 95.04%
[2025-12-02 03:39:38] src.utils.training - [32mINFO[0m - Epoch [4] Batch [180/2016] Loss: 0.0120 Acc: 95.09%
[2025-12-02 03:40:31] src.utils.training - [32mINFO[0m - Epoch [4] Batch [200/2016] Loss: 0.0120 Acc: 95.02%
[2025-12-02 03:41:24] src.utils.training - [32mINFO[0m - Epoch [4] Batch [220/2016] Loss: 0.0121 Acc: 94.96%
[2025-12-02 03:42:17] src.utils.training - [32mINFO[0m - Epoch [4] Batch [240/2016] Loss: 0.0119 Acc: 95.01%
[2025-12-02 03:43:10] src.utils.training - [32mINFO[0m - Epoch [4] Batch [260/2016] Loss: 0.0117 Acc: 95.06%
[2025-12-02 03:44:03] src.utils.training - [32mINFO[0m - Epoch [4] Batch [280/2016] Loss: 0.0117 Acc: 95.17%
[2025-12-02 03:44:56] src.utils.training - [32mINFO[0m - Epoch [4] Batch [300/2016] Loss: 0.0117 Acc: 95.08%
[2025-12-02 03:45:49] src.utils.training - [32mINFO[0m - Epoch [4] Batch [320/2016] Loss: 0.0118 Acc: 95.03%
[2025-12-02 03:46:42] src.utils.training - [32mINFO[0m - Epoch [4] Batch [340/2016] Loss: 0.0118 Acc: 94.99%
[2025-12-02 03:47:36] src.utils.training - [32mINFO[0m - Epoch [4] Batch [360/2016] Loss: 0.0117 Acc: 95.05%
[2025-12-02 03:48:29] src.utils.training - [32mINFO[0m - Epoch [4] Batch [380/2016] Loss: 0.0117 Acc: 94.94%
[2025-12-02 03:49:22] src.utils.training - [32mINFO[0m - Epoch [4] Batch [400/2016] Loss: 0.0117 Acc: 94.98%
[2025-12-02 03:50:15] src.utils.training - [32mINFO[0m - Epoch [4] Batch [420/2016] Loss: 0.0119 Acc: 94.93%
[2025-12-02 03:51:08] src.utils.training - [32mINFO[0m - Epoch [4] Batch [440/2016] Loss: 0.0118 Acc: 94.91%
[2025-12-02 03:52:01] src.utils.training - [32mINFO[0m - Epoch [4] Batch [460/2016] Loss: 0.0117 Acc: 94.89%
[2025-12-02 03:52:54] src.utils.training - [32mINFO[0m - Epoch [4] Batch [480/2016] Loss: 0.0117 Acc: 94.84%
[2025-12-02 03:53:47] src.utils.training - [32mINFO[0m - Epoch [4] Batch [500/2016] Loss: 0.0116 Acc: 94.88%
[2025-12-02 03:54:40] src.utils.training - [32mINFO[0m - Epoch [4] Batch [520/2016] Loss: 0.0117 Acc: 94.87%
[2025-12-02 03:55:33] src.utils.training - [32mINFO[0m - Epoch [4] Batch [540/2016] Loss: 0.0117 Acc: 94.86%
[2025-12-02 03:56:26] src.utils.training - [32mINFO[0m - Epoch [4] Batch [560/2016] Loss: 0.0116 Acc: 94.81%
[2025-12-02 03:57:19] src.utils.training - [32mINFO[0m - Epoch [4] Batch [580/2016] Loss: 0.0116 Acc: 94.88%
[2025-12-02 03:58:12] src.utils.training - [32mINFO[0m - Epoch [4] Batch [600/2016] Loss: 0.0116 Acc: 94.90%
[2025-12-02 03:59:05] src.utils.training - [32mINFO[0m - Epoch [4] Batch [620/2016] Loss: 0.0116 Acc: 94.90%
[2025-12-02 03:59:58] src.utils.training - [32mINFO[0m - Epoch [4] Batch [640/2016] Loss: 0.0117 Acc: 94.90%
[2025-12-02 04:00:51] src.utils.training - [32mINFO[0m - Epoch [4] Batch [660/2016] Loss: 0.0116 Acc: 94.91%
[2025-12-02 04:01:44] src.utils.training - [32mINFO[0m - Epoch [4] Batch [680/2016] Loss: 0.0116 Acc: 94.98%
[2025-12-02 04:02:37] src.utils.training - [32mINFO[0m - Epoch [4] Batch [700/2016] Loss: 0.0117 Acc: 94.97%
[2025-12-02 04:03:30] src.utils.training - [32mINFO[0m - Epoch [4] Batch [720/2016] Loss: 0.0118 Acc: 94.93%
[2025-12-02 04:04:24] src.utils.training - [32mINFO[0m - Epoch [4] Batch [740/2016] Loss: 0.0117 Acc: 94.94%
[2025-12-02 04:05:17] src.utils.training - [32mINFO[0m - Epoch [4] Batch [760/2016] Loss: 0.0116 Acc: 94.97%
[2025-12-02 04:06:10] src.utils.training - [32mINFO[0m - Epoch [4] Batch [780/2016] Loss: 0.0116 Acc: 94.98%
[2025-12-02 04:07:03] src.utils.training - [32mINFO[0m - Epoch [4] Batch [800/2016] Loss: 0.0117 Acc: 94.95%
[2025-12-02 04:07:56] src.utils.training - [32mINFO[0m - Epoch [4] Batch [820/2016] Loss: 0.0117 Acc: 94.91%
[2025-12-02 04:08:49] src.utils.training - [32mINFO[0m - Epoch [4] Batch [840/2016] Loss: 0.0116 Acc: 94.92%
[2025-12-02 04:09:42] src.utils.training - [32mINFO[0m - Epoch [4] Batch [860/2016] Loss: 0.0116 Acc: 94.95%
[2025-12-02 04:10:35] src.utils.training - [32mINFO[0m - Epoch [4] Batch [880/2016] Loss: 0.0115 Acc: 94.97%
[2025-12-02 04:11:28] src.utils.training - [32mINFO[0m - Epoch [4] Batch [900/2016] Loss: 0.0116 Acc: 94.97%
[2025-12-02 04:12:21] src.utils.training - [32mINFO[0m - Epoch [4] Batch [920/2016] Loss: 0.0115 Acc: 95.00%
[2025-12-02 04:13:14] src.utils.training - [32mINFO[0m - Epoch [4] Batch [940/2016] Loss: 0.0116 Acc: 94.96%
[2025-12-02 04:14:07] src.utils.training - [32mINFO[0m - Epoch [4] Batch [960/2016] Loss: 0.0116 Acc: 94.95%
[2025-12-02 04:15:00] src.utils.training - [32mINFO[0m - Epoch [4] Batch [980/2016] Loss: 0.0116 Acc: 94.96%
[2025-12-02 04:15:53] src.utils.training - [32mINFO[0m - Epoch [4] Batch [1000/2016] Loss: 0.0115 Acc: 94.97%
[2025-12-02 04:16:46] src.utils.training - [32mINFO[0m - Epoch [4] Batch [1020/2016] Loss: 0.0115 Acc: 94.98%
[2025-12-02 04:17:40] src.utils.training - [32mINFO[0m - Epoch [4] Batch [1040/2016] Loss: 0.0115 Acc: 94.98%
[2025-12-02 04:18:33] src.utils.training - [32mINFO[0m - Epoch [4] Batch [1060/2016] Loss: 0.0115 Acc: 94.99%
[2025-12-02 04:19:26] src.utils.training - [32mINFO[0m - Epoch [4] Batch [1080/2016] Loss: 0.0115 Acc: 95.01%
[2025-12-02 04:20:19] src.utils.training - [32mINFO[0m - Epoch [4] Batch [1100/2016] Loss: 0.0115 Acc: 95.05%
[2025-12-02 04:21:12] src.utils.training - [32mINFO[0m - Epoch [4] Batch [1120/2016] Loss: 0.0115 Acc: 95.06%
[2025-12-02 04:22:05] src.utils.training - [32mINFO[0m - Epoch [4] Batch [1140/2016] Loss: 0.0115 Acc: 95.03%
[2025-12-02 04:22:58] src.utils.training - [32mINFO[0m - Epoch [4] Batch [1160/2016] Loss: 0.0115 Acc: 95.01%
[2025-12-02 04:23:51] src.utils.training - [32mINFO[0m - Epoch [4] Batch [1180/2016] Loss: 0.0115 Acc: 95.02%
[2025-12-02 04:24:44] src.utils.training - [32mINFO[0m - Epoch [4] Batch [1200/2016] Loss: 0.0116 Acc: 94.99%
[2025-12-02 04:25:37] src.utils.training - [32mINFO[0m - Epoch [4] Batch [1220/2016] Loss: 0.0115 Acc: 95.00%
[2025-12-02 04:26:30] src.utils.training - [32mINFO[0m - Epoch [4] Batch [1240/2016] Loss: 0.0116 Acc: 95.02%
[2025-12-02 04:27:23] src.utils.training - [32mINFO[0m - Epoch [4] Batch [1260/2016] Loss: 0.0116 Acc: 95.01%
[2025-12-02 04:28:16] src.utils.training - [32mINFO[0m - Epoch [4] Batch [1280/2016] Loss: 0.0116 Acc: 95.00%
[2025-12-02 04:29:09] src.utils.training - [32mINFO[0m - Epoch [4] Batch [1300/2016] Loss: 0.0116 Acc: 95.00%
[2025-12-02 04:30:02] src.utils.training - [32mINFO[0m - Epoch [4] Batch [1320/2016] Loss: 0.0115 Acc: 95.02%
[2025-12-02 04:30:55] src.utils.training - [32mINFO[0m - Epoch [4] Batch [1340/2016] Loss: 0.0115 Acc: 95.02%
[2025-12-02 04:31:48] src.utils.training - [32mINFO[0m - Epoch [4] Batch [1360/2016] Loss: 0.0115 Acc: 95.04%
[2025-12-02 04:32:41] src.utils.training - [32mINFO[0m - Epoch [4] Batch [1380/2016] Loss: 0.0115 Acc: 95.06%
[2025-12-02 04:33:34] src.utils.training - [32mINFO[0m - Epoch [4] Batch [1400/2016] Loss: 0.0114 Acc: 95.07%
[2025-12-02 04:34:27] src.utils.training - [32mINFO[0m - Epoch [4] Batch [1420/2016] Loss: 0.0114 Acc: 95.09%
[2025-12-02 04:35:21] src.utils.training - [32mINFO[0m - Epoch [4] Batch [1440/2016] Loss: 0.0114 Acc: 95.09%
[2025-12-02 04:36:14] src.utils.training - [32mINFO[0m - Epoch [4] Batch [1460/2016] Loss: 0.0114 Acc: 95.10%
[2025-12-02 04:37:07] src.utils.training - [32mINFO[0m - Epoch [4] Batch [1480/2016] Loss: 0.0114 Acc: 95.12%
[2025-12-02 04:38:00] src.utils.training - [32mINFO[0m - Epoch [4] Batch [1500/2016] Loss: 0.0113 Acc: 95.12%
[2025-12-02 04:38:53] src.utils.training - [32mINFO[0m - Epoch [4] Batch [1520/2016] Loss: 0.0113 Acc: 95.14%
[2025-12-02 04:39:46] src.utils.training - [32mINFO[0m - Epoch [4] Batch [1540/2016] Loss: 0.0113 Acc: 95.15%
[2025-12-02 04:40:39] src.utils.training - [32mINFO[0m - Epoch [4] Batch [1560/2016] Loss: 0.0113 Acc: 95.14%
[2025-12-02 04:41:32] src.utils.training - [32mINFO[0m - Epoch [4] Batch [1580/2016] Loss: 0.0113 Acc: 95.16%
[2025-12-02 04:42:25] src.utils.training - [32mINFO[0m - Epoch [4] Batch [1600/2016] Loss: 0.0112 Acc: 95.19%
[2025-12-02 04:43:18] src.utils.training - [32mINFO[0m - Epoch [4] Batch [1620/2016] Loss: 0.0112 Acc: 95.19%
[2025-12-02 04:44:11] src.utils.training - [32mINFO[0m - Epoch [4] Batch [1640/2016] Loss: 0.0113 Acc: 95.18%
[2025-12-02 04:45:04] src.utils.training - [32mINFO[0m - Epoch [4] Batch [1660/2016] Loss: 0.0112 Acc: 95.20%
[2025-12-02 04:45:57] src.utils.training - [32mINFO[0m - Epoch [4] Batch [1680/2016] Loss: 0.0112 Acc: 95.22%
[2025-12-02 04:46:50] src.utils.training - [32mINFO[0m - Epoch [4] Batch [1700/2016] Loss: 0.0112 Acc: 95.21%
[2025-12-02 04:47:43] src.utils.training - [32mINFO[0m - Epoch [4] Batch [1720/2016] Loss: 0.0111 Acc: 95.23%
[2025-12-02 04:48:36] src.utils.training - [32mINFO[0m - Epoch [4] Batch [1740/2016] Loss: 0.0111 Acc: 95.24%
[2025-12-02 04:49:29] src.utils.training - [32mINFO[0m - Epoch [4] Batch [1760/2016] Loss: 0.0111 Acc: 95.24%
[2025-12-02 04:50:22] src.utils.training - [32mINFO[0m - Epoch [4] Batch [1780/2016] Loss: 0.0111 Acc: 95.23%
[2025-12-02 04:51:15] src.utils.training - [32mINFO[0m - Epoch [4] Batch [1800/2016] Loss: 0.0111 Acc: 95.24%
[2025-12-02 04:52:08] src.utils.training - [32mINFO[0m - Epoch [4] Batch [1820/2016] Loss: 0.0111 Acc: 95.23%
[2025-12-02 04:53:02] src.utils.training - [32mINFO[0m - Epoch [4] Batch [1840/2016] Loss: 0.0111 Acc: 95.25%
[2025-12-02 04:53:55] src.utils.training - [32mINFO[0m - Epoch [4] Batch [1860/2016] Loss: 0.0110 Acc: 95.28%
[2025-12-02 04:54:48] src.utils.training - [32mINFO[0m - Epoch [4] Batch [1880/2016] Loss: 0.0110 Acc: 95.28%
[2025-12-02 04:55:41] src.utils.training - [32mINFO[0m - Epoch [4] Batch [1900/2016] Loss: 0.0110 Acc: 95.29%
[2025-12-02 04:56:34] src.utils.training - [32mINFO[0m - Epoch [4] Batch [1920/2016] Loss: 0.0109 Acc: 95.30%
[2025-12-02 04:57:27] src.utils.training - [32mINFO[0m - Epoch [4] Batch [1940/2016] Loss: 0.0110 Acc: 95.30%
[2025-12-02 04:58:20] src.utils.training - [32mINFO[0m - Epoch [4] Batch [1960/2016] Loss: 0.0109 Acc: 95.32%
[2025-12-02 04:59:13] src.utils.training - [32mINFO[0m - Epoch [4] Batch [1980/2016] Loss: 0.0109 Acc: 95.32%
[2025-12-02 05:00:06] src.utils.training - [32mINFO[0m - Epoch [4] Batch [2000/2016] Loss: 0.0109 Acc: 95.33%
[2025-12-02 05:00:46] src.utils.training - [32mINFO[0m - Epoch [4] Training Completed in 5347s - Loss: 0.0109 Acc: 95.33%
[2025-12-02 05:01:18] src.utils.clip_level_evaluation - [32mINFO[0m - [VAL] Batch 50/435 Loss: 0.0424
[2025-12-02 05:01:48] src.utils.clip_level_evaluation - [32mINFO[0m - [VAL] Batch 100/435 Loss: 0.0328
[2025-12-02 05:02:19] src.utils.clip_level_evaluation - [32mINFO[0m - [VAL] Batch 150/435 Loss: 0.0687
[2025-12-02 05:02:49] src.utils.clip_level_evaluation - [32mINFO[0m - [VAL] Batch 200/435 Loss: 0.0676
[2025-12-02 05:03:20] src.utils.clip_level_evaluation - [32mINFO[0m - [VAL] Batch 250/435 Loss: 0.0634
[2025-12-02 05:03:50] src.utils.clip_level_evaluation - [32mINFO[0m - [VAL] Batch 300/435 Loss: 0.0559
[2025-12-02 05:04:21] src.utils.clip_level_evaluation - [32mINFO[0m - [VAL] Batch 350/435 Loss: 0.0564
[2025-12-02 05:04:51] src.utils.clip_level_evaluation - [32mINFO[0m - [VAL] Batch 400/435 Loss: 0.0680
[2025-12-02 05:05:12] src.utils.clip_level_evaluation - [32mINFO[0m - [VAL] Finished in 266s
[2025-12-02 05:05:12] src.utils.clip_level_evaluation - [32mINFO[0m - Results:
Loss: 0.0748 | Acc: 72.31% | AUC: 0.8475
   >> Anomaly: P=0.558 R=0.757 F1=0.643
   >> Normal:  P=0.856 R=0.707
   >> Counts:  TP=3464 FN=1112 (Missed) | TN=6600 FP=2741 (False Alarm)
   >> Rates:   FPR=0.2934 | FNR=0.2430
[2025-12-02 05:05:12] __main__ - [32mINFO[0m - Epoch [4] Validation Summary - Loss: 0.0748 | Acc: 72.31% | AUC: 0.8475
[2025-12-02 05:05:12] __main__ - [32mINFO[0m -   Anomaly Detection: Precision=0.558 Recall=0.757 F1=0.643
[2025-12-02 05:05:12] __main__ - [32mINFO[0m -   Confusion Matrix: TP=3464 FN=1112 TN=6600 FP=2741
[2025-12-02 05:05:12] __main__ - [32mINFO[0m -   Error Rates: FPR=0.2934 FNR=0.2430
[2025-12-02 05:05:13] src.utils.training_utils - [32mINFO[0m - No improvement for 1/10 epochs
[2025-12-02 05:06:07] src.utils.training - [32mINFO[0m - Epoch [5] Batch [20/2016] Loss: 0.0103 Acc: 96.09%
[2025-12-02 05:07:00] src.utils.training - [32mINFO[0m - Epoch [5] Batch [40/2016] Loss: 0.0104 Acc: 95.78%
[2025-12-02 05:07:53] src.utils.training - [32mINFO[0m - Epoch [5] Batch [60/2016] Loss: 0.0091 Acc: 96.25%
[2025-12-02 05:08:46] src.utils.training - [32mINFO[0m - Epoch [5] Batch [80/2016] Loss: 0.0088 Acc: 96.13%
[2025-12-02 05:09:39] src.utils.training - [32mINFO[0m - Epoch [5] Batch [100/2016] Loss: 0.0086 Acc: 96.09%
[2025-12-02 05:10:32] src.utils.training - [32mINFO[0m - Epoch [5] Batch [120/2016] Loss: 0.0091 Acc: 96.02%
[2025-12-02 05:11:26] src.utils.training - [32mINFO[0m - Epoch [5] Batch [140/2016] Loss: 0.0090 Acc: 96.07%
[2025-12-02 05:12:19] src.utils.training - [32mINFO[0m - Epoch [5] Batch [160/2016] Loss: 0.0091 Acc: 95.94%
[2025-12-02 05:13:12] src.utils.training - [32mINFO[0m - Epoch [5] Batch [180/2016] Loss: 0.0091 Acc: 95.89%
[2025-12-02 05:14:05] src.utils.training - [32mINFO[0m - Epoch [5] Batch [200/2016] Loss: 0.0089 Acc: 96.06%
[2025-12-02 05:14:58] src.utils.training - [32mINFO[0m - Epoch [5] Batch [220/2016] Loss: 0.0089 Acc: 95.99%
[2025-12-02 05:15:51] src.utils.training - [32mINFO[0m - Epoch [5] Batch [240/2016] Loss: 0.0089 Acc: 96.12%
[2025-12-02 05:16:44] src.utils.training - [32mINFO[0m - Epoch [5] Batch [260/2016] Loss: 0.0088 Acc: 96.19%
[2025-12-02 05:17:37] src.utils.training - [32mINFO[0m - Epoch [5] Batch [280/2016] Loss: 0.0087 Acc: 96.24%
[2025-12-02 05:18:30] src.utils.training - [32mINFO[0m - Epoch [5] Batch [300/2016] Loss: 0.0087 Acc: 96.28%
[2025-12-02 05:19:23] src.utils.training - [32mINFO[0m - Epoch [5] Batch [320/2016] Loss: 0.0087 Acc: 96.22%
[2025-12-02 05:20:16] src.utils.training - [32mINFO[0m - Epoch [5] Batch [340/2016] Loss: 0.0088 Acc: 96.26%
[2025-12-02 05:21:09] src.utils.training - [32mINFO[0m - Epoch [5] Batch [360/2016] Loss: 0.0089 Acc: 96.18%
[2025-12-02 05:22:02] src.utils.training - [32mINFO[0m - Epoch [5] Batch [380/2016] Loss: 0.0090 Acc: 96.09%
[2025-12-02 05:22:55] src.utils.training - [32mINFO[0m - Epoch [5] Batch [400/2016] Loss: 0.0088 Acc: 96.16%
[2025-12-02 05:23:48] src.utils.training - [32mINFO[0m - Epoch [5] Batch [420/2016] Loss: 0.0089 Acc: 96.09%
[2025-12-02 05:24:41] src.utils.training - [32mINFO[0m - Epoch [5] Batch [440/2016] Loss: 0.0091 Acc: 96.04%
[2025-12-02 05:25:34] src.utils.training - [32mINFO[0m - Epoch [5] Batch [460/2016] Loss: 0.0091 Acc: 95.99%
[2025-12-02 05:26:28] src.utils.training - [32mINFO[0m - Epoch [5] Batch [480/2016] Loss: 0.0092 Acc: 95.92%
[2025-12-02 05:27:21] src.utils.training - [32mINFO[0m - Epoch [5] Batch [500/2016] Loss: 0.0093 Acc: 95.89%
[2025-12-02 05:28:14] src.utils.training - [32mINFO[0m - Epoch [5] Batch [520/2016] Loss: 0.0092 Acc: 95.95%
[2025-12-02 05:29:07] src.utils.training - [32mINFO[0m - Epoch [5] Batch [540/2016] Loss: 0.0091 Acc: 95.97%
[2025-12-02 05:30:00] src.utils.training - [32mINFO[0m - Epoch [5] Batch [560/2016] Loss: 0.0092 Acc: 95.97%
[2025-12-02 05:30:53] src.utils.training - [32mINFO[0m - Epoch [5] Batch [580/2016] Loss: 0.0092 Acc: 95.95%
[2025-12-02 05:31:46] src.utils.training - [32mINFO[0m - Epoch [5] Batch [600/2016] Loss: 0.0092 Acc: 95.96%
[2025-12-02 05:32:39] src.utils.training - [32mINFO[0m - Epoch [5] Batch [620/2016] Loss: 0.0091 Acc: 95.99%
[2025-12-02 05:33:32] src.utils.training - [32mINFO[0m - Epoch [5] Batch [640/2016] Loss: 0.0091 Acc: 96.02%
[2025-12-02 05:34:25] src.utils.training - [32mINFO[0m - Epoch [5] Batch [660/2016] Loss: 0.0091 Acc: 96.03%
[2025-12-02 05:35:18] src.utils.training - [32mINFO[0m - Epoch [5] Batch [680/2016] Loss: 0.0092 Acc: 96.00%
[2025-12-02 05:36:11] src.utils.training - [32mINFO[0m - Epoch [5] Batch [700/2016] Loss: 0.0091 Acc: 95.99%
[2025-12-02 05:37:04] src.utils.training - [32mINFO[0m - Epoch [5] Batch [720/2016] Loss: 0.0091 Acc: 95.95%
[2025-12-02 05:37:57] src.utils.training - [32mINFO[0m - Epoch [5] Batch [740/2016] Loss: 0.0091 Acc: 95.95%
[2025-12-02 05:38:50] src.utils.training - [32mINFO[0m - Epoch [5] Batch [760/2016] Loss: 0.0091 Acc: 95.97%
[2025-12-02 05:39:43] src.utils.training - [32mINFO[0m - Epoch [5] Batch [780/2016] Loss: 0.0092 Acc: 95.98%
[2025-12-02 05:40:36] src.utils.training - [32mINFO[0m - Epoch [5] Batch [800/2016] Loss: 0.0092 Acc: 95.99%
[2025-12-02 05:41:29] src.utils.training - [32mINFO[0m - Epoch [5] Batch [820/2016] Loss: 0.0093 Acc: 95.92%
[2025-12-02 05:42:23] src.utils.training - [32mINFO[0m - Epoch [5] Batch [840/2016] Loss: 0.0093 Acc: 95.91%
[2025-12-02 05:43:16] src.utils.training - [32mINFO[0m - Epoch [5] Batch [860/2016] Loss: 0.0093 Acc: 95.91%
[2025-12-02 05:44:09] src.utils.training - [32mINFO[0m - Epoch [5] Batch [880/2016] Loss: 0.0093 Acc: 95.91%
[2025-12-02 05:45:02] src.utils.training - [32mINFO[0m - Epoch [5] Batch [900/2016] Loss: 0.0093 Acc: 95.92%
[2025-12-02 05:45:55] src.utils.training - [32mINFO[0m - Epoch [5] Batch [920/2016] Loss: 0.0093 Acc: 95.95%
[2025-12-02 05:46:48] src.utils.training - [32mINFO[0m - Epoch [5] Batch [940/2016] Loss: 0.0092 Acc: 95.98%
[2025-12-02 05:47:41] src.utils.training - [32mINFO[0m - Epoch [5] Batch [960/2016] Loss: 0.0093 Acc: 95.98%
[2025-12-02 05:48:34] src.utils.training - [32mINFO[0m - Epoch [5] Batch [980/2016] Loss: 0.0093 Acc: 95.99%
[2025-12-02 05:49:27] src.utils.training - [32mINFO[0m - Epoch [5] Batch [1000/2016] Loss: 0.0093 Acc: 96.01%
[2025-12-02 05:50:20] src.utils.training - [32mINFO[0m - Epoch [5] Batch [1020/2016] Loss: 0.0092 Acc: 96.03%
[2025-12-02 05:51:13] src.utils.training - [32mINFO[0m - Epoch [5] Batch [1040/2016] Loss: 0.0092 Acc: 96.05%
[2025-12-02 05:52:06] src.utils.training - [32mINFO[0m - Epoch [5] Batch [1060/2016] Loss: 0.0091 Acc: 96.07%
[2025-12-02 05:52:59] src.utils.training - [32mINFO[0m - Epoch [5] Batch [1080/2016] Loss: 0.0091 Acc: 96.07%
[2025-12-02 05:53:52] src.utils.training - [32mINFO[0m - Epoch [5] Batch [1100/2016] Loss: 0.0091 Acc: 96.09%
[2025-12-02 05:54:45] src.utils.training - [32mINFO[0m - Epoch [5] Batch [1120/2016] Loss: 0.0091 Acc: 96.11%
[2025-12-02 05:55:38] src.utils.training - [32mINFO[0m - Epoch [5] Batch [1140/2016] Loss: 0.0091 Acc: 96.11%
[2025-12-02 05:56:31] src.utils.training - [32mINFO[0m - Epoch [5] Batch [1160/2016] Loss: 0.0090 Acc: 96.10%
[2025-12-02 05:57:25] src.utils.training - [32mINFO[0m - Epoch [5] Batch [1180/2016] Loss: 0.0090 Acc: 96.12%
[2025-12-02 05:58:18] src.utils.training - [32mINFO[0m - Epoch [5] Batch [1200/2016] Loss: 0.0090 Acc: 96.15%
[2025-12-02 05:59:11] src.utils.training - [32mINFO[0m - Epoch [5] Batch [1220/2016] Loss: 0.0089 Acc: 96.18%
[2025-12-02 06:00:04] src.utils.training - [32mINFO[0m - Epoch [5] Batch [1240/2016] Loss: 0.0089 Acc: 96.18%
[2025-12-02 06:00:57] src.utils.training - [32mINFO[0m - Epoch [5] Batch [1260/2016] Loss: 0.0090 Acc: 96.17%
[2025-12-02 06:01:50] src.utils.training - [32mINFO[0m - Epoch [5] Batch [1280/2016] Loss: 0.0090 Acc: 96.15%
[2025-12-02 06:02:43] src.utils.training - [32mINFO[0m - Epoch [5] Batch [1300/2016] Loss: 0.0090 Acc: 96.16%
[2025-12-02 06:03:36] src.utils.training - [32mINFO[0m - Epoch [5] Batch [1320/2016] Loss: 0.0089 Acc: 96.17%
[2025-12-02 06:04:29] src.utils.training - [32mINFO[0m - Epoch [5] Batch [1340/2016] Loss: 0.0089 Acc: 96.18%
[2025-12-02 06:05:22] src.utils.training - [32mINFO[0m - Epoch [5] Batch [1360/2016] Loss: 0.0089 Acc: 96.20%
[2025-12-02 06:06:15] src.utils.training - [32mINFO[0m - Epoch [5] Batch [1380/2016] Loss: 0.0089 Acc: 96.20%
[2025-12-02 06:07:08] src.utils.training - [32mINFO[0m - Epoch [5] Batch [1400/2016] Loss: 0.0089 Acc: 96.20%
[2025-12-02 06:08:01] src.utils.training - [32mINFO[0m - Epoch [5] Batch [1420/2016] Loss: 0.0089 Acc: 96.20%
[2025-12-02 06:08:54] src.utils.training - [32mINFO[0m - Epoch [5] Batch [1440/2016] Loss: 0.0089 Acc: 96.21%
[2025-12-02 06:09:48] src.utils.training - [32mINFO[0m - Epoch [5] Batch [1460/2016] Loss: 0.0089 Acc: 96.21%
[2025-12-02 06:10:41] src.utils.training - [32mINFO[0m - Epoch [5] Batch [1480/2016] Loss: 0.0089 Acc: 96.22%
[2025-12-02 06:11:34] src.utils.training - [32mINFO[0m - Epoch [5] Batch [1500/2016] Loss: 0.0088 Acc: 96.23%
[2025-12-02 06:12:27] src.utils.training - [32mINFO[0m - Epoch [5] Batch [1520/2016] Loss: 0.0088 Acc: 96.24%
[2025-12-02 06:13:20] src.utils.training - [32mINFO[0m - Epoch [5] Batch [1540/2016] Loss: 0.0088 Acc: 96.24%
[2025-12-02 06:14:13] src.utils.training - [32mINFO[0m - Epoch [5] Batch [1560/2016] Loss: 0.0089 Acc: 96.23%
[2025-12-02 06:15:06] src.utils.training - [32mINFO[0m - Epoch [5] Batch [1580/2016] Loss: 0.0088 Acc: 96.23%
[2025-12-02 06:15:59] src.utils.training - [32mINFO[0m - Epoch [5] Batch [1600/2016] Loss: 0.0088 Acc: 96.23%
[2025-12-02 06:16:52] src.utils.training - [32mINFO[0m - Epoch [5] Batch [1620/2016] Loss: 0.0088 Acc: 96.24%
[2025-12-02 06:17:45] src.utils.training - [32mINFO[0m - Epoch [5] Batch [1640/2016] Loss: 0.0088 Acc: 96.24%
[2025-12-02 06:18:38] src.utils.training - [32mINFO[0m - Epoch [5] Batch [1660/2016] Loss: 0.0088 Acc: 96.24%
[2025-12-02 06:19:31] src.utils.training - [32mINFO[0m - Epoch [5] Batch [1680/2016] Loss: 0.0088 Acc: 96.24%
[2025-12-02 06:20:25] src.utils.training - [32mINFO[0m - Epoch [5] Batch [1700/2016] Loss: 0.0088 Acc: 96.24%
[2025-12-02 06:21:18] src.utils.training - [32mINFO[0m - Epoch [5] Batch [1720/2016] Loss: 0.0088 Acc: 96.25%
[2025-12-02 06:22:11] src.utils.training - [32mINFO[0m - Epoch [5] Batch [1740/2016] Loss: 0.0088 Acc: 96.26%
[2025-12-02 06:23:04] src.utils.training - [32mINFO[0m - Epoch [5] Batch [1760/2016] Loss: 0.0088 Acc: 96.27%
[2025-12-02 06:23:57] src.utils.training - [32mINFO[0m - Epoch [5] Batch [1780/2016] Loss: 0.0088 Acc: 96.28%
[2025-12-02 06:24:50] src.utils.training - [32mINFO[0m - Epoch [5] Batch [1800/2016] Loss: 0.0088 Acc: 96.29%
[2025-12-02 06:25:43] src.utils.training - [32mINFO[0m - Epoch [5] Batch [1820/2016] Loss: 0.0088 Acc: 96.28%
[2025-12-02 06:26:36] src.utils.training - [32mINFO[0m - Epoch [5] Batch [1840/2016] Loss: 0.0088 Acc: 96.29%
[2025-12-02 06:27:29] src.utils.training - [32mINFO[0m - Epoch [5] Batch [1860/2016] Loss: 0.0088 Acc: 96.29%
[2025-12-02 06:28:22] src.utils.training - [32mINFO[0m - Epoch [5] Batch [1880/2016] Loss: 0.0088 Acc: 96.30%
[2025-12-02 06:29:15] src.utils.training - [32mINFO[0m - Epoch [5] Batch [1900/2016] Loss: 0.0088 Acc: 96.30%
[2025-12-02 06:30:08] src.utils.training - [32mINFO[0m - Epoch [5] Batch [1920/2016] Loss: 0.0087 Acc: 96.32%
[2025-12-02 06:31:01] src.utils.training - [32mINFO[0m - Epoch [5] Batch [1940/2016] Loss: 0.0087 Acc: 96.33%
[2025-12-02 06:31:54] src.utils.training - [32mINFO[0m - Epoch [5] Batch [1960/2016] Loss: 0.0087 Acc: 96.34%
[2025-12-02 06:32:47] src.utils.training - [32mINFO[0m - Epoch [5] Batch [1980/2016] Loss: 0.0087 Acc: 96.34%
[2025-12-02 06:33:41] src.utils.training - [32mINFO[0m - Epoch [5] Batch [2000/2016] Loss: 0.0087 Acc: 96.35%
[2025-12-02 06:34:21] src.utils.training - [32mINFO[0m - Epoch [5] Training Completed in 5348s - Loss: 0.0087 Acc: 96.36%
[2025-12-02 06:34:53] src.utils.clip_level_evaluation - [32mINFO[0m - [VAL] Batch 50/435 Loss: 0.0466
[2025-12-02 06:35:23] src.utils.clip_level_evaluation - [32mINFO[0m - [VAL] Batch 100/435 Loss: 0.0444
[2025-12-02 06:35:54] src.utils.clip_level_evaluation - [32mINFO[0m - [VAL] Batch 150/435 Loss: 0.0770
[2025-12-02 06:36:24] src.utils.clip_level_evaluation - [32mINFO[0m - [VAL] Batch 200/435 Loss: 0.0720
[2025-12-02 06:36:55] src.utils.clip_level_evaluation - [32mINFO[0m - [VAL] Batch 250/435 Loss: 0.0663
[2025-12-02 06:37:25] src.utils.clip_level_evaluation - [32mINFO[0m - [VAL] Batch 300/435 Loss: 0.0601
[2025-12-02 06:37:55] src.utils.clip_level_evaluation - [32mINFO[0m - [VAL] Batch 350/435 Loss: 0.0551
[2025-12-02 06:38:26] src.utils.clip_level_evaluation - [32mINFO[0m - [VAL] Batch 400/435 Loss: 0.0579
[2025-12-02 06:38:47] src.utils.clip_level_evaluation - [32mINFO[0m - [VAL] Finished in 266s
[2025-12-02 06:38:47] src.utils.clip_level_evaluation - [32mINFO[0m - Results:
Loss: 0.0686 | Acc: 77.19% | AUC: 0.8732
   >> Anomaly: P=0.608 R=0.860 F1=0.713
   >> Normal:  P=0.914 R=0.729
   >> Counts:  TP=3937 FN=639 (Missed) | TN=6806 FP=2535 (False Alarm)
   >> Rates:   FPR=0.2714 | FNR=0.1396
[2025-12-02 06:38:47] __main__ - [32mINFO[0m - Epoch [5] Validation Summary - Loss: 0.0686 | Acc: 77.19% | AUC: 0.8732
[2025-12-02 06:38:47] __main__ - [32mINFO[0m -   Anomaly Detection: Precision=0.608 Recall=0.860 F1=0.713
[2025-12-02 06:38:47] __main__ - [32mINFO[0m -   Confusion Matrix: TP=3937 FN=639 TN=6806 FP=2535
[2025-12-02 06:38:47] __main__ - [32mINFO[0m -   Error Rates: FPR=0.2714 FNR=0.1396
[2025-12-02 06:38:47] __main__ - [32mINFO[0m - New best AUC: 0.8732
[2025-12-02 06:38:48] src.utils.training_utils - [32mINFO[0m - Saved best model to /work3/s225224/ucf-crime/checkpoints/r3d_binary_20251201_225053/best_model.pth
[2025-12-02 06:39:42] src.utils.training - [32mINFO[0m - Epoch [6] Batch [20/2016] Loss: 0.0052 Acc: 97.34%
[2025-12-02 06:40:35] src.utils.training - [32mINFO[0m - Epoch [6] Batch [40/2016] Loss: 0.0059 Acc: 97.81%
[2025-12-02 06:41:29] src.utils.training - [32mINFO[0m - Epoch [6] Batch [60/2016] Loss: 0.0065 Acc: 97.24%
[2025-12-02 06:42:22] src.utils.training - [32mINFO[0m - Epoch [6] Batch [80/2016] Loss: 0.0067 Acc: 97.07%
[2025-12-02 06:43:15] src.utils.training - [32mINFO[0m - Epoch [6] Batch [100/2016] Loss: 0.0064 Acc: 97.22%
[2025-12-02 06:44:08] src.utils.training - [32mINFO[0m - Epoch [6] Batch [120/2016] Loss: 0.0071 Acc: 97.08%
[2025-12-02 06:45:01] src.utils.training - [32mINFO[0m - Epoch [6] Batch [140/2016] Loss: 0.0071 Acc: 97.10%
[2025-12-02 06:45:54] src.utils.training - [32mINFO[0m - Epoch [6] Batch [160/2016] Loss: 0.0074 Acc: 97.01%
[2025-12-02 06:46:47] src.utils.training - [32mINFO[0m - Epoch [6] Batch [180/2016] Loss: 0.0077 Acc: 96.84%
[2025-12-02 06:47:40] src.utils.training - [32mINFO[0m - Epoch [6] Batch [200/2016] Loss: 0.0074 Acc: 96.89%
[2025-12-02 06:48:33] src.utils.training - [32mINFO[0m - Epoch [6] Batch [220/2016] Loss: 0.0075 Acc: 96.96%
[2025-12-02 06:49:26] src.utils.training - [32mINFO[0m - Epoch [6] Batch [240/2016] Loss: 0.0074 Acc: 96.91%
[2025-12-02 06:50:19] src.utils.training - [32mINFO[0m - Epoch [6] Batch [260/2016] Loss: 0.0072 Acc: 97.00%
[2025-12-02 06:51:12] src.utils.training - [32mINFO[0m - Epoch [6] Batch [280/2016] Loss: 0.0072 Acc: 97.03%
[2025-12-02 06:52:05] src.utils.training - [32mINFO[0m - Epoch [6] Batch [300/2016] Loss: 0.0072 Acc: 96.98%
[2025-12-02 06:52:58] src.utils.training - [32mINFO[0m - Epoch [6] Batch [320/2016] Loss: 0.0072 Acc: 96.96%
[2025-12-02 06:53:51] src.utils.training - [32mINFO[0m - Epoch [6] Batch [340/2016] Loss: 0.0072 Acc: 96.95%
[2025-12-02 06:54:44] src.utils.training - [32mINFO[0m - Epoch [6] Batch [360/2016] Loss: 0.0072 Acc: 96.92%
[2025-12-02 06:55:37] src.utils.training - [32mINFO[0m - Epoch [6] Batch [380/2016] Loss: 0.0072 Acc: 96.91%
[2025-12-02 06:56:30] src.utils.training - [32mINFO[0m - Epoch [6] Batch [400/2016] Loss: 0.0071 Acc: 96.95%
[2025-12-02 06:57:24] src.utils.training - [32mINFO[0m - Epoch [6] Batch [420/2016] Loss: 0.0072 Acc: 96.95%
[2025-12-02 06:58:17] src.utils.training - [32mINFO[0m - Epoch [6] Batch [440/2016] Loss: 0.0072 Acc: 96.97%
[2025-12-02 06:59:10] src.utils.training - [32mINFO[0m - Epoch [6] Batch [460/2016] Loss: 0.0072 Acc: 96.96%
[2025-12-02 07:00:03] src.utils.training - [32mINFO[0m - Epoch [6] Batch [480/2016] Loss: 0.0071 Acc: 96.95%
[2025-12-02 07:00:56] src.utils.training - [32mINFO[0m - Epoch [6] Batch [500/2016] Loss: 0.0071 Acc: 96.97%
[2025-12-02 07:01:49] src.utils.training - [32mINFO[0m - Epoch [6] Batch [520/2016] Loss: 0.0071 Acc: 96.97%
[2025-12-02 07:02:42] src.utils.training - [32mINFO[0m - Epoch [6] Batch [540/2016] Loss: 0.0071 Acc: 96.96%
[2025-12-02 07:03:35] src.utils.training - [32mINFO[0m - Epoch [6] Batch [560/2016] Loss: 0.0072 Acc: 96.90%
[2025-12-02 07:04:28] src.utils.training - [32mINFO[0m - Epoch [6] Batch [580/2016] Loss: 0.0072 Acc: 96.92%
[2025-12-02 07:05:21] src.utils.training - [32mINFO[0m - Epoch [6] Batch [600/2016] Loss: 0.0073 Acc: 96.89%
[2025-12-02 07:06:14] src.utils.training - [32mINFO[0m - Epoch [6] Batch [620/2016] Loss: 0.0073 Acc: 96.85%
[2025-12-02 07:07:07] src.utils.training - [32mINFO[0m - Epoch [6] Batch [640/2016] Loss: 0.0073 Acc: 96.81%
[2025-12-02 07:08:00] src.utils.training - [32mINFO[0m - Epoch [6] Batch [660/2016] Loss: 0.0073 Acc: 96.83%
[2025-12-02 07:08:53] src.utils.training - [32mINFO[0m - Epoch [6] Batch [680/2016] Loss: 0.0073 Acc: 96.84%
[2025-12-02 07:09:46] src.utils.training - [32mINFO[0m - Epoch [6] Batch [700/2016] Loss: 0.0074 Acc: 96.82%
[2025-12-02 07:10:39] src.utils.training - [32mINFO[0m - Epoch [6] Batch [720/2016] Loss: 0.0074 Acc: 96.84%
[2025-12-02 07:11:32] src.utils.training - [32mINFO[0m - Epoch [6] Batch [740/2016] Loss: 0.0074 Acc: 96.85%
[2025-12-02 07:12:25] src.utils.training - [32mINFO[0m - Epoch [6] Batch [760/2016] Loss: 0.0074 Acc: 96.86%
[2025-12-02 07:13:18] src.utils.training - [32mINFO[0m - Epoch [6] Batch [780/2016] Loss: 0.0074 Acc: 96.86%
[2025-12-02 07:14:11] src.utils.training - [32mINFO[0m - Epoch [6] Batch [800/2016] Loss: 0.0074 Acc: 96.86%
[2025-12-02 07:15:04] src.utils.training - [32mINFO[0m - Epoch [6] Batch [820/2016] Loss: 0.0074 Acc: 96.89%
[2025-12-02 07:15:57] src.utils.training - [32mINFO[0m - Epoch [6] Batch [840/2016] Loss: 0.0074 Acc: 96.89%
[2025-12-02 07:16:50] src.utils.training - [32mINFO[0m - Epoch [6] Batch [860/2016] Loss: 0.0073 Acc: 96.91%
[2025-12-02 07:17:43] src.utils.training - [32mINFO[0m - Epoch [6] Batch [880/2016] Loss: 0.0074 Acc: 96.92%
[2025-12-02 07:18:36] src.utils.training - [32mINFO[0m - Epoch [6] Batch [900/2016] Loss: 0.0074 Acc: 96.92%
[2025-12-02 07:19:30] src.utils.training - [32mINFO[0m - Epoch [6] Batch [920/2016] Loss: 0.0074 Acc: 96.92%
[2025-12-02 07:20:23] src.utils.training - [32mINFO[0m - Epoch [6] Batch [940/2016] Loss: 0.0074 Acc: 96.92%
[2025-12-02 07:21:16] src.utils.training - [32mINFO[0m - Epoch [6] Batch [960/2016] Loss: 0.0073 Acc: 96.93%
[2025-12-02 07:22:09] src.utils.training - [32mINFO[0m - Epoch [6] Batch [980/2016] Loss: 0.0073 Acc: 96.94%
[2025-12-02 07:23:02] src.utils.training - [32mINFO[0m - Epoch [6] Batch [1000/2016] Loss: 0.0073 Acc: 96.95%
[2025-12-02 07:23:55] src.utils.training - [32mINFO[0m - Epoch [6] Batch [1020/2016] Loss: 0.0072 Acc: 96.97%
[2025-12-02 07:24:48] src.utils.training - [32mINFO[0m - Epoch [6] Batch [1040/2016] Loss: 0.0072 Acc: 96.97%
[2025-12-02 07:25:41] src.utils.training - [32mINFO[0m - Epoch [6] Batch [1060/2016] Loss: 0.0073 Acc: 96.97%
[2025-12-02 07:26:34] src.utils.training - [32mINFO[0m - Epoch [6] Batch [1080/2016] Loss: 0.0074 Acc: 96.96%
[2025-12-02 07:27:27] src.utils.training - [32mINFO[0m - Epoch [6] Batch [1100/2016] Loss: 0.0074 Acc: 96.95%
[2025-12-02 07:28:20] src.utils.training - [32mINFO[0m - Epoch [6] Batch [1120/2016] Loss: 0.0073 Acc: 96.94%
[2025-12-02 07:29:13] src.utils.training - [32mINFO[0m - Epoch [6] Batch [1140/2016] Loss: 0.0073 Acc: 96.93%
[2025-12-02 07:30:06] src.utils.training - [32mINFO[0m - Epoch [6] Batch [1160/2016] Loss: 0.0073 Acc: 96.95%
[2025-12-02 07:30:59] src.utils.training - [32mINFO[0m - Epoch [6] Batch [1180/2016] Loss: 0.0073 Acc: 96.96%
[2025-12-02 07:31:52] src.utils.training - [32mINFO[0m - Epoch [6] Batch [1200/2016] Loss: 0.0073 Acc: 96.97%
[2025-12-02 07:32:45] src.utils.training - [32mINFO[0m - Epoch [6] Batch [1220/2016] Loss: 0.0073 Acc: 96.98%
[2025-12-02 07:33:38] src.utils.training - [32mINFO[0m - Epoch [6] Batch [1240/2016] Loss: 0.0073 Acc: 96.94%
[2025-12-02 07:34:31] src.utils.training - [32mINFO[0m - Epoch [6] Batch [1260/2016] Loss: 0.0073 Acc: 96.94%
[2025-12-02 07:35:24] src.utils.training - [32mINFO[0m - Epoch [6] Batch [1280/2016] Loss: 0.0073 Acc: 96.94%
[2025-12-02 07:36:17] src.utils.training - [32mINFO[0m - Epoch [6] Batch [1300/2016] Loss: 0.0073 Acc: 96.92%
[2025-12-02 07:37:11] src.utils.training - [32mINFO[0m - Epoch [6] Batch [1320/2016] Loss: 0.0073 Acc: 96.93%
[2025-12-02 07:38:04] src.utils.training - [32mINFO[0m - Epoch [6] Batch [1340/2016] Loss: 0.0072 Acc: 96.95%
[2025-12-02 07:38:57] src.utils.training - [32mINFO[0m - Epoch [6] Batch [1360/2016] Loss: 0.0072 Acc: 96.95%
[2025-12-02 07:39:50] src.utils.training - [32mINFO[0m - Epoch [6] Batch [1380/2016] Loss: 0.0072 Acc: 96.95%
[2025-12-02 07:40:43] src.utils.training - [32mINFO[0m - Epoch [6] Batch [1400/2016] Loss: 0.0072 Acc: 96.94%
[2025-12-02 07:41:36] src.utils.training - [32mINFO[0m - Epoch [6] Batch [1420/2016] Loss: 0.0072 Acc: 96.96%
[2025-12-02 07:42:29] src.utils.training - [32mINFO[0m - Epoch [6] Batch [1440/2016] Loss: 0.0072 Acc: 96.96%
[2025-12-02 07:43:22] src.utils.training - [32mINFO[0m - Epoch [6] Batch [1460/2016] Loss: 0.0072 Acc: 96.95%
[2025-12-02 07:44:15] src.utils.training - [32mINFO[0m - Epoch [6] Batch [1480/2016] Loss: 0.0072 Acc: 96.97%
[2025-12-02 07:45:08] src.utils.training - [32mINFO[0m - Epoch [6] Batch [1500/2016] Loss: 0.0071 Acc: 96.98%
[2025-12-02 07:46:01] src.utils.training - [32mINFO[0m - Epoch [6] Batch [1520/2016] Loss: 0.0072 Acc: 96.96%
[2025-12-02 07:46:54] src.utils.training - [32mINFO[0m - Epoch [6] Batch [1540/2016] Loss: 0.0072 Acc: 96.96%
[2025-12-02 07:47:47] src.utils.training - [32mINFO[0m - Epoch [6] Batch [1560/2016] Loss: 0.0072 Acc: 96.96%
[2025-12-02 07:48:40] src.utils.training - [32mINFO[0m - Epoch [6] Batch [1580/2016] Loss: 0.0072 Acc: 96.95%
[2025-12-02 07:49:33] src.utils.training - [32mINFO[0m - Epoch [6] Batch [1600/2016] Loss: 0.0072 Acc: 96.96%
[2025-12-02 07:50:26] src.utils.training - [32mINFO[0m - Epoch [6] Batch [1620/2016] Loss: 0.0072 Acc: 96.97%
[2025-12-02 07:51:19] src.utils.training - [32mINFO[0m - Epoch [6] Batch [1640/2016] Loss: 0.0072 Acc: 96.96%
[2025-12-02 07:52:13] src.utils.training - [32mINFO[0m - Epoch [6] Batch [1660/2016] Loss: 0.0072 Acc: 96.98%
[2025-12-02 07:53:06] src.utils.training - [32mINFO[0m - Epoch [6] Batch [1680/2016] Loss: 0.0072 Acc: 96.99%
[2025-12-02 07:53:59] src.utils.training - [32mINFO[0m - Epoch [6] Batch [1700/2016] Loss: 0.0072 Acc: 96.99%
[2025-12-02 07:54:52] src.utils.training - [32mINFO[0m - Epoch [6] Batch [1720/2016] Loss: 0.0072 Acc: 96.99%
[2025-12-02 07:55:45] src.utils.training - [32mINFO[0m - Epoch [6] Batch [1740/2016] Loss: 0.0072 Acc: 97.00%
[2025-12-02 07:56:38] src.utils.training - [32mINFO[0m - Epoch [6] Batch [1760/2016] Loss: 0.0072 Acc: 97.00%
[2025-12-02 07:57:31] src.utils.training - [32mINFO[0m - Epoch [6] Batch [1780/2016] Loss: 0.0072 Acc: 96.99%
[2025-12-02 07:58:24] src.utils.training - [32mINFO[0m - Epoch [6] Batch [1800/2016] Loss: 0.0072 Acc: 96.98%
[2025-12-02 07:59:17] src.utils.training - [32mINFO[0m - Epoch [6] Batch [1820/2016] Loss: 0.0072 Acc: 96.99%
[2025-12-02 08:00:10] src.utils.training - [32mINFO[0m - Epoch [6] Batch [1840/2016] Loss: 0.0072 Acc: 97.00%
[2025-12-02 08:01:03] src.utils.training - [32mINFO[0m - Epoch [6] Batch [1860/2016] Loss: 0.0072 Acc: 96.99%
[2025-12-02 08:01:56] src.utils.training - [32mINFO[0m - Epoch [6] Batch [1880/2016] Loss: 0.0072 Acc: 96.99%
[2025-12-02 08:02:49] src.utils.training - [32mINFO[0m - Epoch [6] Batch [1900/2016] Loss: 0.0072 Acc: 96.99%
[2025-12-02 08:03:42] src.utils.training - [32mINFO[0m - Epoch [6] Batch [1920/2016] Loss: 0.0072 Acc: 97.00%
[2025-12-02 08:04:35] src.utils.training - [32mINFO[0m - Epoch [6] Batch [1940/2016] Loss: 0.0072 Acc: 96.99%
[2025-12-02 08:05:28] src.utils.training - [32mINFO[0m - Epoch [6] Batch [1960/2016] Loss: 0.0072 Acc: 96.99%
[2025-12-02 08:06:21] src.utils.training - [32mINFO[0m - Epoch [6] Batch [1980/2016] Loss: 0.0072 Acc: 97.00%
[2025-12-02 08:07:14] src.utils.training - [32mINFO[0m - Epoch [6] Batch [2000/2016] Loss: 0.0072 Acc: 96.99%
[2025-12-02 08:07:55] src.utils.training - [32mINFO[0m - Epoch [6] Training Completed in 5347s - Loss: 0.0072 Acc: 96.98%
[2025-12-02 08:08:27] src.utils.clip_level_evaluation - [32mINFO[0m - [VAL] Batch 50/435 Loss: 0.0685
[2025-12-02 08:08:57] src.utils.clip_level_evaluation - [32mINFO[0m - [VAL] Batch 100/435 Loss: 0.0592
[2025-12-02 08:09:28] src.utils.clip_level_evaluation - [32mINFO[0m - [VAL] Batch 150/435 Loss: 0.1030
[2025-12-02 08:09:58] src.utils.clip_level_evaluation - [32mINFO[0m - [VAL] Batch 200/435 Loss: 0.1158
[2025-12-02 08:10:29] src.utils.clip_level_evaluation - [32mINFO[0m - [VAL] Batch 250/435 Loss: 0.1083
[2025-12-02 08:10:59] src.utils.clip_level_evaluation - [32mINFO[0m - [VAL] Batch 300/435 Loss: 0.0962
[2025-12-02 08:11:29] src.utils.clip_level_evaluation - [32mINFO[0m - [VAL] Batch 350/435 Loss: 0.0871
[2025-12-02 08:12:00] src.utils.clip_level_evaluation - [32mINFO[0m - [VAL] Batch 400/435 Loss: 0.0858
[2025-12-02 08:12:21] src.utils.clip_level_evaluation - [32mINFO[0m - [VAL] Finished in 266s
[2025-12-02 08:12:21] src.utils.clip_level_evaluation - [32mINFO[0m - Results:
Loss: 0.0891 | Acc: 70.22% | AUC: 0.8439
   >> Anomaly: P=0.529 R=0.874 F1=0.659
   >> Normal:  P=0.909 R=0.618
   >> Counts:  TP=4000 FN=576 (Missed) | TN=5773 FP=3568 (False Alarm)
   >> Rates:   FPR=0.3820 | FNR=0.1259
[2025-12-02 08:12:21] __main__ - [32mINFO[0m - Epoch [6] Validation Summary - Loss: 0.0891 | Acc: 70.22% | AUC: 0.8439
[2025-12-02 08:12:21] __main__ - [32mINFO[0m -   Anomaly Detection: Precision=0.529 Recall=0.874 F1=0.659
[2025-12-02 08:12:21] __main__ - [32mINFO[0m -   Confusion Matrix: TP=4000 FN=576 TN=5773 FP=3568
[2025-12-02 08:12:21] __main__ - [32mINFO[0m -   Error Rates: FPR=0.3820 FNR=0.1259
[2025-12-02 08:12:22] src.utils.training_utils - [32mINFO[0m - No improvement for 1/10 epochs
[2025-12-02 08:13:16] src.utils.training - [32mINFO[0m - Epoch [7] Batch [20/2016] Loss: 0.0055 Acc: 97.34%
[2025-12-02 08:14:09] src.utils.training - [32mINFO[0m - Epoch [7] Batch [40/2016] Loss: 0.0063 Acc: 97.34%
[2025-12-02 08:15:02] src.utils.training - [32mINFO[0m - Epoch [7] Batch [60/2016] Loss: 0.0061 Acc: 97.60%
[2025-12-02 08:15:55] src.utils.training - [32mINFO[0m - Epoch [7] Batch [80/2016] Loss: 0.0061 Acc: 97.66%
[2025-12-02 08:16:48] src.utils.training - [32mINFO[0m - Epoch [7] Batch [100/2016] Loss: 0.0059 Acc: 97.66%
[2025-12-02 08:17:41] src.utils.training - [32mINFO[0m - Epoch [7] Batch [120/2016] Loss: 0.0065 Acc: 97.47%
[2025-12-02 08:18:35] src.utils.training - [32mINFO[0m - Epoch [7] Batch [140/2016] Loss: 0.0068 Acc: 97.10%
[2025-12-02 08:19:28] src.utils.training - [32mINFO[0m - Epoch [7] Batch [160/2016] Loss: 0.0067 Acc: 97.23%
[2025-12-02 08:20:21] src.utils.training - [32mINFO[0m - Epoch [7] Batch [180/2016] Loss: 0.0066 Acc: 97.29%
[2025-12-02 08:21:14] src.utils.training - [32mINFO[0m - Epoch [7] Batch [200/2016] Loss: 0.0066 Acc: 97.30%
[2025-12-02 08:22:07] src.utils.training - [32mINFO[0m - Epoch [7] Batch [220/2016] Loss: 0.0065 Acc: 97.23%
[2025-12-02 08:23:00] src.utils.training - [32mINFO[0m - Epoch [7] Batch [240/2016] Loss: 0.0065 Acc: 97.24%
[2025-12-02 08:23:53] src.utils.training - [32mINFO[0m - Epoch [7] Batch [260/2016] Loss: 0.0066 Acc: 97.20%
[2025-12-02 08:24:46] src.utils.training - [32mINFO[0m - Epoch [7] Batch [280/2016] Loss: 0.0066 Acc: 97.20%
[2025-12-02 08:25:39] src.utils.training - [32mINFO[0m - Epoch [7] Batch [300/2016] Loss: 0.0065 Acc: 97.27%
[2025-12-02 08:26:32] src.utils.training - [32mINFO[0m - Epoch [7] Batch [320/2016] Loss: 0.0065 Acc: 97.27%
[2025-12-02 08:27:25] src.utils.training - [32mINFO[0m - Epoch [7] Batch [340/2016] Loss: 0.0065 Acc: 97.24%
[2025-12-02 08:28:18] src.utils.training - [32mINFO[0m - Epoch [7] Batch [360/2016] Loss: 0.0064 Acc: 97.29%
[2025-12-02 08:29:11] src.utils.training - [32mINFO[0m - Epoch [7] Batch [380/2016] Loss: 0.0065 Acc: 97.33%
[2025-12-02 08:30:05] src.utils.training - [32mINFO[0m - Epoch [7] Batch [400/2016] Loss: 0.0064 Acc: 97.38%
[2025-12-02 08:30:58] src.utils.training - [32mINFO[0m - Epoch [7] Batch [420/2016] Loss: 0.0064 Acc: 97.37%
[2025-12-02 08:31:51] src.utils.training - [32mINFO[0m - Epoch [7] Batch [440/2016] Loss: 0.0064 Acc: 97.36%
[2025-12-02 08:32:44] src.utils.training - [32mINFO[0m - Epoch [7] Batch [460/2016] Loss: 0.0064 Acc: 97.35%
[2025-12-02 08:33:37] src.utils.training - [32mINFO[0m - Epoch [7] Batch [480/2016] Loss: 0.0064 Acc: 97.33%
[2025-12-02 08:34:30] src.utils.training - [32mINFO[0m - Epoch [7] Batch [500/2016] Loss: 0.0065 Acc: 97.28%
[2025-12-02 08:35:23] src.utils.training - [32mINFO[0m - Epoch [7] Batch [520/2016] Loss: 0.0064 Acc: 97.31%
[2025-12-02 08:36:16] src.utils.training - [32mINFO[0m - Epoch [7] Batch [540/2016] Loss: 0.0064 Acc: 97.30%
[2025-12-02 08:37:09] src.utils.training - [32mINFO[0m - Epoch [7] Batch [560/2016] Loss: 0.0064 Acc: 97.28%
[2025-12-02 08:38:02] src.utils.training - [32mINFO[0m - Epoch [7] Batch [580/2016] Loss: 0.0065 Acc: 97.27%
[2025-12-02 08:38:55] src.utils.training - [32mINFO[0m - Epoch [7] Batch [600/2016] Loss: 0.0065 Acc: 97.28%
[2025-12-02 08:39:48] src.utils.training - [32mINFO[0m - Epoch [7] Batch [620/2016] Loss: 0.0065 Acc: 97.29%
[2025-12-02 08:40:41] src.utils.training - [32mINFO[0m - Epoch [7] Batch [640/2016] Loss: 0.0065 Acc: 97.30%
[2025-12-02 08:41:34] src.utils.training - [32mINFO[0m - Epoch [7] Batch [660/2016] Loss: 0.0065 Acc: 97.27%
[2025-12-02 08:42:27] src.utils.training - [32mINFO[0m - Epoch [7] Batch [680/2016] Loss: 0.0065 Acc: 97.29%
[2025-12-02 08:43:20] src.utils.training - [32mINFO[0m - Epoch [7] Batch [700/2016] Loss: 0.0064 Acc: 97.31%
[2025-12-02 08:44:13] src.utils.training - [32mINFO[0m - Epoch [7] Batch [720/2016] Loss: 0.0065 Acc: 97.27%
[2025-12-02 08:45:06] src.utils.training - [32mINFO[0m - Epoch [7] Batch [740/2016] Loss: 0.0064 Acc: 97.28%
[2025-12-02 08:46:00] src.utils.training - [32mINFO[0m - Epoch [7] Batch [760/2016] Loss: 0.0064 Acc: 97.28%
[2025-12-02 08:46:53] src.utils.training - [32mINFO[0m - Epoch [7] Batch [780/2016] Loss: 0.0064 Acc: 97.27%
[2025-12-02 08:47:46] src.utils.training - [32mINFO[0m - Epoch [7] Batch [800/2016] Loss: 0.0064 Acc: 97.27%
[2025-12-02 08:48:39] src.utils.training - [32mINFO[0m - Epoch [7] Batch [820/2016] Loss: 0.0064 Acc: 97.28%
[2025-12-02 08:49:32] src.utils.training - [32mINFO[0m - Epoch [7] Batch [840/2016] Loss: 0.0064 Acc: 97.28%
[2025-12-02 08:50:25] src.utils.training - [32mINFO[0m - Epoch [7] Batch [860/2016] Loss: 0.0064 Acc: 97.26%
[2025-12-02 08:51:18] src.utils.training - [32mINFO[0m - Epoch [7] Batch [880/2016] Loss: 0.0064 Acc: 97.26%
[2025-12-02 08:52:11] src.utils.training - [32mINFO[0m - Epoch [7] Batch [900/2016] Loss: 0.0064 Acc: 97.29%
[2025-12-02 08:53:04] src.utils.training - [32mINFO[0m - Epoch [7] Batch [920/2016] Loss: 0.0064 Acc: 97.30%
[2025-12-02 08:53:57] src.utils.training - [32mINFO[0m - Epoch [7] Batch [940/2016] Loss: 0.0064 Acc: 97.28%
[2025-12-02 08:54:50] src.utils.training - [32mINFO[0m - Epoch [7] Batch [960/2016] Loss: 0.0064 Acc: 97.28%
[2025-12-02 08:55:43] src.utils.training - [32mINFO[0m - Epoch [7] Batch [980/2016] Loss: 0.0064 Acc: 97.29%
[2025-12-02 08:56:36] src.utils.training - [32mINFO[0m - Epoch [7] Batch [1000/2016] Loss: 0.0064 Acc: 97.29%
[2025-12-02 08:57:29] src.utils.training - [32mINFO[0m - Epoch [7] Batch [1020/2016] Loss: 0.0064 Acc: 97.29%
[2025-12-02 08:58:22] src.utils.training - [32mINFO[0m - Epoch [7] Batch [1040/2016] Loss: 0.0065 Acc: 97.29%
[2025-12-02 08:59:16] src.utils.training - [32mINFO[0m - Epoch [7] Batch [1060/2016] Loss: 0.0065 Acc: 97.29%
[2025-12-02 09:00:09] src.utils.training - [32mINFO[0m - Epoch [7] Batch [1080/2016] Loss: 0.0065 Acc: 97.28%
[2025-12-02 09:01:02] src.utils.training - [32mINFO[0m - Epoch [7] Batch [1100/2016] Loss: 0.0066 Acc: 97.26%
[2025-12-02 09:01:55] src.utils.training - [32mINFO[0m - Epoch [7] Batch [1120/2016] Loss: 0.0066 Acc: 97.27%
[2025-12-02 09:02:48] src.utils.training - [32mINFO[0m - Epoch [7] Batch [1140/2016] Loss: 0.0067 Acc: 97.24%
[2025-12-02 09:03:41] src.utils.training - [32mINFO[0m - Epoch [7] Batch [1160/2016] Loss: 0.0066 Acc: 97.27%
[2025-12-02 09:04:34] src.utils.training - [32mINFO[0m - Epoch [7] Batch [1180/2016] Loss: 0.0066 Acc: 97.26%
[2025-12-02 09:05:27] src.utils.training - [32mINFO[0m - Epoch [7] Batch [1200/2016] Loss: 0.0066 Acc: 97.28%
[2025-12-02 09:06:20] src.utils.training - [32mINFO[0m - Epoch [7] Batch [1220/2016] Loss: 0.0066 Acc: 97.26%
[2025-12-02 09:07:13] src.utils.training - [32mINFO[0m - Epoch [7] Batch [1240/2016] Loss: 0.0066 Acc: 97.27%
[2025-12-02 09:08:06] src.utils.training - [32mINFO[0m - Epoch [7] Batch [1260/2016] Loss: 0.0066 Acc: 97.28%
[2025-12-02 09:08:59] src.utils.training - [32mINFO[0m - Epoch [7] Batch [1280/2016] Loss: 0.0066 Acc: 97.29%
[2025-12-02 09:09:52] src.utils.training - [32mINFO[0m - Epoch [7] Batch [1300/2016] Loss: 0.0065 Acc: 97.29%
[2025-12-02 09:10:45] src.utils.training - [32mINFO[0m - Epoch [7] Batch [1320/2016] Loss: 0.0065 Acc: 97.29%
[2025-12-02 09:11:39] src.utils.training - [32mINFO[0m - Epoch [7] Batch [1340/2016] Loss: 0.0066 Acc: 97.29%
[2025-12-02 09:12:32] src.utils.training - [32mINFO[0m - Epoch [7] Batch [1360/2016] Loss: 0.0065 Acc: 97.29%
[2025-12-02 09:13:25] src.utils.training - [32mINFO[0m - Epoch [7] Batch [1380/2016] Loss: 0.0065 Acc: 97.29%
[2025-12-02 09:14:18] src.utils.training - [32mINFO[0m - Epoch [7] Batch [1400/2016] Loss: 0.0065 Acc: 97.29%
[2025-12-02 09:15:11] src.utils.training - [32mINFO[0m - Epoch [7] Batch [1420/2016] Loss: 0.0065 Acc: 97.27%
[2025-12-02 09:16:04] src.utils.training - [32mINFO[0m - Epoch [7] Batch [1440/2016] Loss: 0.0065 Acc: 97.27%
[2025-12-02 09:16:57] src.utils.training - [32mINFO[0m - Epoch [7] Batch [1460/2016] Loss: 0.0065 Acc: 97.29%
[2025-12-02 09:17:50] src.utils.training - [32mINFO[0m - Epoch [7] Batch [1480/2016] Loss: 0.0065 Acc: 97.29%
[2025-12-02 09:18:43] src.utils.training - [32mINFO[0m - Epoch [7] Batch [1500/2016] Loss: 0.0064 Acc: 97.31%
[2025-12-02 09:19:36] src.utils.training - [32mINFO[0m - Epoch [7] Batch [1520/2016] Loss: 0.0064 Acc: 97.31%
[2025-12-02 09:20:29] src.utils.training - [32mINFO[0m - Epoch [7] Batch [1540/2016] Loss: 0.0064 Acc: 97.31%
[2025-12-02 09:21:22] src.utils.training - [32mINFO[0m - Epoch [7] Batch [1560/2016] Loss: 0.0064 Acc: 97.31%
[2025-12-02 09:22:15] src.utils.training - [32mINFO[0m - Epoch [7] Batch [1580/2016] Loss: 0.0064 Acc: 97.31%
[2025-12-02 09:23:08] src.utils.training - [32mINFO[0m - Epoch [7] Batch [1600/2016] Loss: 0.0064 Acc: 97.32%
[2025-12-02 09:24:01] src.utils.training - [32mINFO[0m - Epoch [7] Batch [1620/2016] Loss: 0.0064 Acc: 97.32%
[2025-12-02 09:24:54] src.utils.training - [32mINFO[0m - Epoch [7] Batch [1640/2016] Loss: 0.0064 Acc: 97.34%
[2025-12-02 09:25:47] src.utils.training - [32mINFO[0m - Epoch [7] Batch [1660/2016] Loss: 0.0064 Acc: 97.34%
[2025-12-02 09:26:40] src.utils.training - [32mINFO[0m - Epoch [7] Batch [1680/2016] Loss: 0.0064 Acc: 97.33%
[2025-12-02 09:27:34] src.utils.training - [32mINFO[0m - Epoch [7] Batch [1700/2016] Loss: 0.0064 Acc: 97.33%
[2025-12-02 09:28:27] src.utils.training - [32mINFO[0m - Epoch [7] Batch [1720/2016] Loss: 0.0064 Acc: 97.34%
[2025-12-02 09:29:20] src.utils.training - [32mINFO[0m - Epoch [7] Batch [1740/2016] Loss: 0.0064 Acc: 97.34%
[2025-12-02 09:30:13] src.utils.training - [32mINFO[0m - Epoch [7] Batch [1760/2016] Loss: 0.0064 Acc: 97.33%
[2025-12-02 09:31:06] src.utils.training - [32mINFO[0m - Epoch [7] Batch [1780/2016] Loss: 0.0064 Acc: 97.35%
[2025-12-02 09:31:59] src.utils.training - [32mINFO[0m - Epoch [7] Batch [1800/2016] Loss: 0.0064 Acc: 97.34%
[2025-12-02 09:32:52] src.utils.training - [32mINFO[0m - Epoch [7] Batch [1820/2016] Loss: 0.0064 Acc: 97.32%
[2025-12-02 09:33:45] src.utils.training - [32mINFO[0m - Epoch [7] Batch [1840/2016] Loss: 0.0064 Acc: 97.33%
[2025-12-02 09:34:38] src.utils.training - [32mINFO[0m - Epoch [7] Batch [1860/2016] Loss: 0.0064 Acc: 97.33%
[2025-12-02 09:35:31] src.utils.training - [32mINFO[0m - Epoch [7] Batch [1880/2016] Loss: 0.0064 Acc: 97.33%
[2025-12-02 09:36:24] src.utils.training - [32mINFO[0m - Epoch [7] Batch [1900/2016] Loss: 0.0064 Acc: 97.33%
[2025-12-02 09:37:17] src.utils.training - [32mINFO[0m - Epoch [7] Batch [1920/2016] Loss: 0.0064 Acc: 97.33%
[2025-12-02 09:38:10] src.utils.training - [32mINFO[0m - Epoch [7] Batch [1940/2016] Loss: 0.0064 Acc: 97.35%
[2025-12-02 09:39:03] src.utils.training - [32mINFO[0m - Epoch [7] Batch [1960/2016] Loss: 0.0064 Acc: 97.34%
[2025-12-02 09:39:56] src.utils.training - [32mINFO[0m - Epoch [7] Batch [1980/2016] Loss: 0.0063 Acc: 97.35%
[2025-12-02 09:40:49] src.utils.training - [32mINFO[0m - Epoch [7] Batch [2000/2016] Loss: 0.0063 Acc: 97.34%
[2025-12-02 09:41:30] src.utils.training - [32mINFO[0m - Epoch [7] Training Completed in 5348s - Loss: 0.0063 Acc: 97.34%
[2025-12-02 09:42:02] src.utils.clip_level_evaluation - [32mINFO[0m - [VAL] Batch 50/435 Loss: 0.0423
[2025-12-02 09:42:32] src.utils.clip_level_evaluation - [32mINFO[0m - [VAL] Batch 100/435 Loss: 0.0411
[2025-12-02 09:43:03] src.utils.clip_level_evaluation - [32mINFO[0m - [VAL] Batch 150/435 Loss: 0.0846
[2025-12-02 09:43:33] src.utils.clip_level_evaluation - [32mINFO[0m - [VAL] Batch 200/435 Loss: 0.0769
[2025-12-02 09:44:04] src.utils.clip_level_evaluation - [32mINFO[0m - [VAL] Batch 250/435 Loss: 0.0691
[2025-12-02 09:44:34] src.utils.clip_level_evaluation - [32mINFO[0m - [VAL] Batch 300/435 Loss: 0.0614
[2025-12-02 09:45:04] src.utils.clip_level_evaluation - [32mINFO[0m - [VAL] Batch 350/435 Loss: 0.0584
[2025-12-02 09:45:35] src.utils.clip_level_evaluation - [32mINFO[0m - [VAL] Batch 400/435 Loss: 0.0700
[2025-12-02 09:45:56] src.utils.clip_level_evaluation - [32mINFO[0m - [VAL] Finished in 266s
[2025-12-02 09:45:56] src.utils.clip_level_evaluation - [32mINFO[0m - Results:
Loss: 0.0937 | Acc: 75.60% | AUC: 0.8514
   >> Anomaly: P=0.596 R=0.800 F1=0.683
   >> Normal:  P=0.882 R=0.735
   >> Counts:  TP=3660 FN=916 (Missed) | TN=6861 FP=2480 (False Alarm)
   >> Rates:   FPR=0.2655 | FNR=0.2002
[2025-12-02 09:45:56] __main__ - [32mINFO[0m - Epoch [7] Validation Summary - Loss: 0.0937 | Acc: 75.60% | AUC: 0.8514
[2025-12-02 09:45:56] __main__ - [32mINFO[0m -   Anomaly Detection: Precision=0.596 Recall=0.800 F1=0.683
[2025-12-02 09:45:56] __main__ - [32mINFO[0m -   Confusion Matrix: TP=3660 FN=916 TN=6861 FP=2480
[2025-12-02 09:45:56] __main__ - [32mINFO[0m -   Error Rates: FPR=0.2655 FNR=0.2002
[2025-12-02 09:45:57] src.utils.training_utils - [32mINFO[0m - No improvement for 2/10 epochs
[2025-12-02 09:46:51] src.utils.training - [32mINFO[0m - Epoch [8] Batch [20/2016] Loss: 0.0056 Acc: 97.81%
[2025-12-02 09:47:44] src.utils.training - [32mINFO[0m - Epoch [8] Batch [40/2016] Loss: 0.0055 Acc: 97.19%
[2025-12-02 09:48:37] src.utils.training - [32mINFO[0m - Epoch [8] Batch [60/2016] Loss: 0.0052 Acc: 97.34%
[2025-12-02 09:49:30] src.utils.training - [32mINFO[0m - Epoch [8] Batch [80/2016] Loss: 0.0052 Acc: 97.62%
[2025-12-02 09:50:23] src.utils.training - [32mINFO[0m - Epoch [8] Batch [100/2016] Loss: 0.0051 Acc: 97.78%
[2025-12-02 09:51:17] src.utils.training - [32mINFO[0m - Epoch [8] Batch [120/2016] Loss: 0.0049 Acc: 97.81%
[2025-12-02 09:52:10] src.utils.training - [32mINFO[0m - Epoch [8] Batch [140/2016] Loss: 0.0053 Acc: 97.81%
[2025-12-02 09:53:03] src.utils.training - [32mINFO[0m - Epoch [8] Batch [160/2016] Loss: 0.0053 Acc: 97.85%
[2025-12-02 09:53:56] src.utils.training - [32mINFO[0m - Epoch [8] Batch [180/2016] Loss: 0.0055 Acc: 97.78%
[2025-12-02 09:54:49] src.utils.training - [32mINFO[0m - Epoch [8] Batch [200/2016] Loss: 0.0054 Acc: 97.83%
[2025-12-02 09:55:42] src.utils.training - [32mINFO[0m - Epoch [8] Batch [220/2016] Loss: 0.0055 Acc: 97.81%
[2025-12-02 09:56:35] src.utils.training - [32mINFO[0m - Epoch [8] Batch [240/2016] Loss: 0.0054 Acc: 97.88%
[2025-12-02 09:57:28] src.utils.training - [32mINFO[0m - Epoch [8] Batch [260/2016] Loss: 0.0053 Acc: 97.85%
[2025-12-02 09:58:21] src.utils.training - [32mINFO[0m - Epoch [8] Batch [280/2016] Loss: 0.0055 Acc: 97.80%
[2025-12-02 09:59:14] src.utils.training - [32mINFO[0m - Epoch [8] Batch [300/2016] Loss: 0.0055 Acc: 97.80%
[2025-12-02 10:00:07] src.utils.training - [32mINFO[0m - Epoch [8] Batch [320/2016] Loss: 0.0055 Acc: 97.77%
[2025-12-02 10:01:00] src.utils.training - [32mINFO[0m - Epoch [8] Batch [340/2016] Loss: 0.0055 Acc: 97.78%
[2025-12-02 10:01:53] src.utils.training - [32mINFO[0m - Epoch [8] Batch [360/2016] Loss: 0.0055 Acc: 97.75%
[2025-12-02 10:02:46] src.utils.training - [32mINFO[0m - Epoch [8] Batch [380/2016] Loss: 0.0054 Acc: 97.77%
[2025-12-02 10:03:39] src.utils.training - [32mINFO[0m - Epoch [8] Batch [400/2016] Loss: 0.0054 Acc: 97.78%
[2025-12-02 10:04:32] src.utils.training - [32mINFO[0m - Epoch [8] Batch [420/2016] Loss: 0.0055 Acc: 97.78%
[2025-12-02 10:05:25] src.utils.training - [32mINFO[0m - Epoch [8] Batch [440/2016] Loss: 0.0055 Acc: 97.75%
[2025-12-02 10:06:18] src.utils.training - [32mINFO[0m - Epoch [8] Batch [460/2016] Loss: 0.0055 Acc: 97.76%
[2025-12-02 10:07:11] src.utils.training - [32mINFO[0m - Epoch [8] Batch [480/2016] Loss: 0.0054 Acc: 97.75%
[2025-12-02 10:08:04] src.utils.training - [32mINFO[0m - Epoch [8] Batch [500/2016] Loss: 0.0056 Acc: 97.74%
[2025-12-02 10:08:57] src.utils.training - [32mINFO[0m - Epoch [8] Batch [520/2016] Loss: 0.0056 Acc: 97.71%
[2025-12-02 10:09:50] src.utils.training - [32mINFO[0m - Epoch [8] Batch [540/2016] Loss: 0.0055 Acc: 97.73%
[2025-12-02 10:10:44] src.utils.training - [32mINFO[0m - Epoch [8] Batch [560/2016] Loss: 0.0056 Acc: 97.73%
[2025-12-02 10:11:37] src.utils.training - [32mINFO[0m - Epoch [8] Batch [580/2016] Loss: 0.0055 Acc: 97.75%
[2025-12-02 10:12:30] src.utils.training - [32mINFO[0m - Epoch [8] Batch [600/2016] Loss: 0.0055 Acc: 97.73%
[2025-12-02 10:13:23] src.utils.training - [32mINFO[0m - Epoch [8] Batch [620/2016] Loss: 0.0055 Acc: 97.69%
[2025-12-02 10:14:16] src.utils.training - [32mINFO[0m - Epoch [8] Batch [640/2016] Loss: 0.0055 Acc: 97.70%
[2025-12-02 10:15:09] src.utils.training - [32mINFO[0m - Epoch [8] Batch [660/2016] Loss: 0.0055 Acc: 97.71%
[2025-12-02 10:16:02] src.utils.training - [32mINFO[0m - Epoch [8] Batch [680/2016] Loss: 0.0055 Acc: 97.73%
[2025-12-02 10:16:55] src.utils.training - [32mINFO[0m - Epoch [8] Batch [700/2016] Loss: 0.0055 Acc: 97.73%
[2025-12-02 10:17:48] src.utils.training - [32mINFO[0m - Epoch [8] Batch [720/2016] Loss: 0.0055 Acc: 97.74%
[2025-12-02 10:18:41] src.utils.training - [32mINFO[0m - Epoch [8] Batch [740/2016] Loss: 0.0054 Acc: 97.75%
[2025-12-02 10:19:34] src.utils.training - [32mINFO[0m - Epoch [8] Batch [760/2016] Loss: 0.0054 Acc: 97.75%
[2025-12-02 10:20:27] src.utils.training - [32mINFO[0m - Epoch [8] Batch [780/2016] Loss: 0.0054 Acc: 97.74%
[2025-12-02 10:21:20] src.utils.training - [32mINFO[0m - Epoch [8] Batch [800/2016] Loss: 0.0054 Acc: 97.73%
[2025-12-02 10:22:13] src.utils.training - [32mINFO[0m - Epoch [8] Batch [820/2016] Loss: 0.0054 Acc: 97.71%
[2025-12-02 10:23:06] src.utils.training - [32mINFO[0m - Epoch [8] Batch [840/2016] Loss: 0.0054 Acc: 97.73%
[2025-12-02 10:23:59] src.utils.training - [32mINFO[0m - Epoch [8] Batch [860/2016] Loss: 0.0054 Acc: 97.73%
[2025-12-02 10:24:52] src.utils.training - [32mINFO[0m - Epoch [8] Batch [880/2016] Loss: 0.0054 Acc: 97.73%
[2025-12-02 10:25:45] src.utils.training - [32mINFO[0m - Epoch [8] Batch [900/2016] Loss: 0.0055 Acc: 97.71%
[2025-12-02 10:26:38] src.utils.training - [32mINFO[0m - Epoch [8] Batch [920/2016] Loss: 0.0055 Acc: 97.70%
[2025-12-02 10:27:31] src.utils.training - [32mINFO[0m - Epoch [8] Batch [940/2016] Loss: 0.0055 Acc: 97.70%
[2025-12-02 10:28:24] src.utils.training - [32mINFO[0m - Epoch [8] Batch [960/2016] Loss: 0.0055 Acc: 97.71%
[2025-12-02 10:29:17] src.utils.training - [32mINFO[0m - Epoch [8] Batch [980/2016] Loss: 0.0055 Acc: 97.70%
[2025-12-02 10:30:10] src.utils.training - [32mINFO[0m - Epoch [8] Batch [1000/2016] Loss: 0.0055 Acc: 97.68%
[2025-12-02 10:31:04] src.utils.training - [32mINFO[0m - Epoch [8] Batch [1020/2016] Loss: 0.0055 Acc: 97.66%
[2025-12-02 10:31:57] src.utils.training - [32mINFO[0m - Epoch [8] Batch [1040/2016] Loss: 0.0055 Acc: 97.65%
[2025-12-02 10:32:50] src.utils.training - [32mINFO[0m - Epoch [8] Batch [1060/2016] Loss: 0.0055 Acc: 97.65%
[2025-12-02 10:33:43] src.utils.training - [32mINFO[0m - Epoch [8] Batch [1080/2016] Loss: 0.0055 Acc: 97.65%
[2025-12-02 10:34:36] src.utils.training - [32mINFO[0m - Epoch [8] Batch [1100/2016] Loss: 0.0055 Acc: 97.64%
[2025-12-02 10:35:29] src.utils.training - [32mINFO[0m - Epoch [8] Batch [1120/2016] Loss: 0.0055 Acc: 97.63%
[2025-12-02 10:36:22] src.utils.training - [32mINFO[0m - Epoch [8] Batch [1140/2016] Loss: 0.0055 Acc: 97.64%
[2025-12-02 10:37:15] src.utils.training - [32mINFO[0m - Epoch [8] Batch [1160/2016] Loss: 0.0055 Acc: 97.64%
[2025-12-02 10:38:08] src.utils.training - [32mINFO[0m - Epoch [8] Batch [1180/2016] Loss: 0.0055 Acc: 97.66%
[2025-12-02 10:39:01] src.utils.training - [32mINFO[0m - Epoch [8] Batch [1200/2016] Loss: 0.0055 Acc: 97.67%
[2025-12-02 10:39:54] src.utils.training - [32mINFO[0m - Epoch [8] Batch [1220/2016] Loss: 0.0055 Acc: 97.68%
[2025-12-02 10:40:47] src.utils.training - [32mINFO[0m - Epoch [8] Batch [1240/2016] Loss: 0.0055 Acc: 97.69%
[2025-12-02 10:41:40] src.utils.training - [32mINFO[0m - Epoch [8] Batch [1260/2016] Loss: 0.0055 Acc: 97.70%
[2025-12-02 10:42:33] src.utils.training - [32mINFO[0m - Epoch [8] Batch [1280/2016] Loss: 0.0055 Acc: 97.69%
[2025-12-02 10:43:26] src.utils.training - [32mINFO[0m - Epoch [8] Batch [1300/2016] Loss: 0.0056 Acc: 97.68%
[2025-12-02 10:44:19] src.utils.training - [32mINFO[0m - Epoch [8] Batch [1320/2016] Loss: 0.0055 Acc: 97.67%
[2025-12-02 10:45:12] src.utils.training - [32mINFO[0m - Epoch [8] Batch [1340/2016] Loss: 0.0056 Acc: 97.63%
[2025-12-02 10:46:05] src.utils.training - [32mINFO[0m - Epoch [8] Batch [1360/2016] Loss: 0.0056 Acc: 97.64%
[2025-12-02 10:46:58] src.utils.training - [32mINFO[0m - Epoch [8] Batch [1380/2016] Loss: 0.0056 Acc: 97.63%
[2025-12-02 10:47:51] src.utils.training - [32mINFO[0m - Epoch [8] Batch [1400/2016] Loss: 0.0056 Acc: 97.62%
[2025-12-02 10:48:44] src.utils.training - [32mINFO[0m - Epoch [8] Batch [1420/2016] Loss: 0.0056 Acc: 97.65%
[2025-12-02 10:49:37] src.utils.training - [32mINFO[0m - Epoch [8] Batch [1440/2016] Loss: 0.0056 Acc: 97.64%
[2025-12-02 10:50:30] src.utils.training - [32mINFO[0m - Epoch [8] Batch [1460/2016] Loss: 0.0056 Acc: 97.64%

------------------------------------------------------------
Sender: LSF System <lsfadmin@hpc.dtu.dk>
Subject: Job 27243880: <train_r3d_c02516> in cluster <dcc> Exited

Job <train_r3d_c02516> was submitted from host <n-62-11-12> by user <s225224> in cluster <dcc> at Mon Dec  1 22:50:45 2025
Job was executed on host(s) <4*n-62-18-13>, in queue <c02516>, as user <s225224> in cluster <dcc> at Mon Dec  1 22:50:46 2025
</zhome/77/2/187952> was used as the home directory.
</zhome/77/2/187952/projects/perimiter-net/jobs> was used as the working directory.
Started at Mon Dec  1 22:50:46 2025
Terminated at Tue Dec  2 10:51:00 2025
Results reported at Tue Dec  2 10:51:00 2025

Your job looked like:

------------------------------------------------------------
# LSBATCH: User input
#!/bin/sh
#BSUB -q c02516
#BSUB -gpu "num=1:mode=exclusive_process"
#BSUB -J train_r3d_c02516
#BSUB -n 4
#BSUB -R "span[hosts=1]"
#BSUB -R "rusage[mem=20GB]"
#BSUB -W 12:00
#BSUB -o outputs/output_r3d_c02516_%J.out
#BSUB -e outputs/output_r3d_c02516_%J.err

cd ~/projects/perimiter-net
mkdir -p outputs

uv sync

# Note: Update batch_size=64 in train_r3d.py before submitting
uv run python scripts/training/train_r3d.py
------------------------------------------------------------

TERM_RUNLIMIT: job killed after reaching LSF run time limit.
Exited with exit code 140.

Resource usage summary:

    CPU time :                                   54513.00 sec.
    Max Memory :                                 2753 MB
    Average Memory :                             2309.89 MB
    Total Requested Memory :                     81920.00 MB
    Delta Memory :                               79167.00 MB
    Max Swap :                                   -
    Max Processes :                              9
    Max Threads :                                27
    Run time :                                   43219 sec.
    Turnaround time :                            43215 sec.

The output (if any) is above this job summary.



PS:

Read file <outputs/output_r3d_c02516_27243880.err> for stderr output of this job.

