[2025-12-02 23:56:42] __main__ - [32mINFO[0m - Starting MOTION STREAM training run: r3d_motion_sobel_20251202_235642
[2025-12-02 23:56:42] __main__ - [32mINFO[0m - Checkpoints will be saved to: /work3/s225224/ucf-crime/checkpoints/r3d_motion_sobel_20251202_235642
[2025-12-02 23:56:42] src.utils.training_utils - [32mINFO[0m - Created training history CSV at /work3/s225224/ucf-crime/checkpoints/r3d_motion_sobel_20251202_235642/training_history.csv
[2025-12-02 23:56:42] __main__ - [32mINFO[0m - Setting up datasets with SOBEL MOTION Transform...
Loading cached dataset index from /work3/s225224/ucf-crime/data/ucf_index_train_len16_stride16_modebinary_rat0.2.pkl...
Loading cached dataset index from /work3/s225224/ucf-crime/data/ucf_index_val_len16_stride16_modebinary_rat0.2.pkl...
[2025-12-02 23:56:42] __main__ - [32mINFO[0m - Train samples: 64489, Val samples: 13917
[2025-12-02 23:56:42] __main__ - [32mINFO[0m - Instantiating R3D-18 (Motion Stream)...
[2025-12-02 23:56:43] src.utils.training_utils - [32mINFO[0m - Early stopping initialized with patience=10, mode=max
[2025-12-02 23:56:43] __main__ - [32mINFO[0m - Training on device: cuda
[2025-12-02 23:56:43] __main__ - [32mINFO[0m - GPU Name: NVIDIA L40S
[2025-12-02 23:56:43] __main__ - [32mINFO[0m - GPU Memory: 47.67 GB
[2025-12-02 23:56:43] __main__ - [32mINFO[0m - Starting training loop...
[2025-12-02 23:57:13] src.utils.training - [32mINFO[0m - Epoch [1] Batch [10/504] Loss: 0.1562 Acc: 60.55%
[2025-12-02 23:57:28] src.utils.training - [32mINFO[0m - Epoch [1] Batch [20/504] Loss: 0.1426 Acc: 61.88%
[2025-12-02 23:57:45] src.utils.training - [32mINFO[0m - Epoch [1] Batch [30/504] Loss: 0.1356 Acc: 61.90%
[2025-12-02 23:57:59] src.utils.training - [32mINFO[0m - Epoch [1] Batch [40/504] Loss: 0.1353 Acc: 61.23%
[2025-12-02 23:58:17] src.utils.training - [32mINFO[0m - Epoch [1] Batch [50/504] Loss: 0.1300 Acc: 61.77%
[2025-12-02 23:58:32] src.utils.training - [32mINFO[0m - Epoch [1] Batch [60/504] Loss: 0.1248 Acc: 62.08%
[2025-12-02 23:58:47] src.utils.training - [32mINFO[0m - Epoch [1] Batch [70/504] Loss: 0.1195 Acc: 62.54%
[2025-12-02 23:59:00] src.utils.training - [32mINFO[0m - Epoch [1] Batch [80/504] Loss: 0.1174 Acc: 62.64%
[2025-12-02 23:59:16] src.utils.training - [32mINFO[0m - Epoch [1] Batch [90/504] Loss: 0.1149 Acc: 62.81%
[2025-12-02 23:59:32] src.utils.training - [32mINFO[0m - Epoch [1] Batch [100/504] Loss: 0.1132 Acc: 62.73%
[2025-12-02 23:59:45] src.utils.training - [32mINFO[0m - Epoch [1] Batch [110/504] Loss: 0.1115 Acc: 62.78%
[2025-12-03 00:00:01] src.utils.training - [32mINFO[0m - Epoch [1] Batch [120/504] Loss: 0.1099 Acc: 62.91%
[2025-12-03 00:00:14] src.utils.training - [32mINFO[0m - Epoch [1] Batch [130/504] Loss: 0.1089 Acc: 63.02%
[2025-12-03 00:00:29] src.utils.training - [32mINFO[0m - Epoch [1] Batch [140/504] Loss: 0.1071 Acc: 63.18%
[2025-12-03 00:00:45] src.utils.training - [32mINFO[0m - Epoch [1] Batch [150/504] Loss: 0.1056 Acc: 63.31%
[2025-12-03 00:00:58] src.utils.training - [32mINFO[0m - Epoch [1] Batch [160/504] Loss: 0.1039 Acc: 63.54%
[2025-12-03 00:01:19] src.utils.training - [32mINFO[0m - Epoch [1] Batch [170/504] Loss: 0.1030 Acc: 63.62%
[2025-12-03 00:01:38] src.utils.training - [32mINFO[0m - Epoch [1] Batch [180/504] Loss: 0.1018 Acc: 63.76%
[2025-12-03 00:01:51] src.utils.training - [32mINFO[0m - Epoch [1] Batch [190/504] Loss: 0.1012 Acc: 63.91%
[2025-12-03 00:02:05] src.utils.training - [32mINFO[0m - Epoch [1] Batch [200/504] Loss: 0.1003 Acc: 63.94%
[2025-12-03 00:02:18] src.utils.training - [32mINFO[0m - Epoch [1] Batch [210/504] Loss: 0.0991 Acc: 64.13%
[2025-12-03 00:02:31] src.utils.training - [32mINFO[0m - Epoch [1] Batch [220/504] Loss: 0.0982 Acc: 64.24%
[2025-12-03 00:02:45] src.utils.training - [32mINFO[0m - Epoch [1] Batch [230/504] Loss: 0.0972 Acc: 64.37%
[2025-12-03 00:02:58] src.utils.training - [32mINFO[0m - Epoch [1] Batch [240/504] Loss: 0.0965 Acc: 64.39%
[2025-12-03 00:03:11] src.utils.training - [32mINFO[0m - Epoch [1] Batch [250/504] Loss: 0.0957 Acc: 64.49%
[2025-12-03 00:03:27] src.utils.training - [32mINFO[0m - Epoch [1] Batch [260/504] Loss: 0.0949 Acc: 64.50%
[2025-12-03 00:03:40] src.utils.training - [32mINFO[0m - Epoch [1] Batch [270/504] Loss: 0.0940 Acc: 64.62%
[2025-12-03 00:04:00] src.utils.training - [32mINFO[0m - Epoch [1] Batch [280/504] Loss: 0.0932 Acc: 64.69%
[2025-12-03 00:04:13] src.utils.training - [32mINFO[0m - Epoch [1] Batch [290/504] Loss: 0.0925 Acc: 64.75%
[2025-12-03 00:04:28] src.utils.training - [32mINFO[0m - Epoch [1] Batch [300/504] Loss: 0.0917 Acc: 64.89%
[2025-12-03 00:04:41] src.utils.training - [32mINFO[0m - Epoch [1] Batch [310/504] Loss: 0.0909 Acc: 64.99%
[2025-12-03 00:04:55] src.utils.training - [32mINFO[0m - Epoch [1] Batch [320/504] Loss: 0.0902 Acc: 65.12%
[2025-12-03 00:05:09] src.utils.training - [32mINFO[0m - Epoch [1] Batch [330/504] Loss: 0.0894 Acc: 65.25%
[2025-12-03 00:05:28] src.utils.training - [32mINFO[0m - Epoch [1] Batch [340/504] Loss: 0.0886 Acc: 65.38%
[2025-12-03 00:05:41] src.utils.training - [32mINFO[0m - Epoch [1] Batch [350/504] Loss: 0.0880 Acc: 65.44%
[2025-12-03 00:05:55] src.utils.training - [32mINFO[0m - Epoch [1] Batch [360/504] Loss: 0.0873 Acc: 65.48%
[2025-12-03 00:06:13] src.utils.training - [32mINFO[0m - Epoch [1] Batch [370/504] Loss: 0.0865 Acc: 65.53%
[2025-12-03 00:06:32] src.utils.training - [32mINFO[0m - Epoch [1] Batch [380/504] Loss: 0.0857 Acc: 65.62%
[2025-12-03 00:06:45] src.utils.training - [32mINFO[0m - Epoch [1] Batch [390/504] Loss: 0.0851 Acc: 65.67%
[2025-12-03 00:06:59] src.utils.training - [32mINFO[0m - Epoch [1] Batch [400/504] Loss: 0.0845 Acc: 65.79%
[2025-12-03 00:07:12] src.utils.training - [32mINFO[0m - Epoch [1] Batch [410/504] Loss: 0.0839 Acc: 65.89%
[2025-12-03 00:07:25] src.utils.training - [32mINFO[0m - Epoch [1] Batch [420/504] Loss: 0.0832 Acc: 66.05%
[2025-12-03 00:07:40] src.utils.training - [32mINFO[0m - Epoch [1] Batch [430/504] Loss: 0.0825 Acc: 66.12%
[2025-12-03 00:07:54] src.utils.training - [32mINFO[0m - Epoch [1] Batch [440/504] Loss: 0.0820 Acc: 66.24%
[2025-12-03 00:08:10] src.utils.training - [32mINFO[0m - Epoch [1] Batch [450/504] Loss: 0.0814 Acc: 66.35%
[2025-12-03 00:08:23] src.utils.training - [32mINFO[0m - Epoch [1] Batch [460/504] Loss: 0.0808 Acc: 66.44%
[2025-12-03 00:08:39] src.utils.training - [32mINFO[0m - Epoch [1] Batch [470/504] Loss: 0.0803 Acc: 66.51%
[2025-12-03 00:08:59] src.utils.training - [32mINFO[0m - Epoch [1] Batch [480/504] Loss: 0.0798 Acc: 66.55%
[2025-12-03 00:09:12] src.utils.training - [32mINFO[0m - Epoch [1] Batch [490/504] Loss: 0.0793 Acc: 66.66%
[2025-12-03 00:09:26] src.utils.training - [32mINFO[0m - Epoch [1] Batch [500/504] Loss: 0.0787 Acc: 66.76%
[2025-12-03 00:09:31] src.utils.training - [32mINFO[0m - Epoch [1] Training Completed in 767s - Loss: 0.0785 Acc: 66.78%
[2025-12-03 00:10:44] src.utils.clip_level_evaluation - [32mINFO[0m - [VAL] Batch 50/109 Loss: 0.0428
[2025-12-03 00:11:52] src.utils.clip_level_evaluation - [32mINFO[0m - [VAL] Batch 100/109 Loss: 0.0568
[2025-12-03 00:12:04] src.utils.clip_level_evaluation - [32mINFO[0m - [VAL] Finished in 153s
[2025-12-03 00:12:04] src.utils.clip_level_evaluation - [32mINFO[0m - Results:
Loss: 0.0596 | Acc: 66.59% | AUC: 0.7998
   >> Anomaly: P=0.495 R=0.859 F1=0.628
   >> Normal:  P=0.892 R=0.571
   >> Counts:  TP=3931 FN=645 (Missed) | TN=5336 FP=4005 (False Alarm)
   >> Rates:   FPR=0.4288 | FNR=0.1410
[2025-12-03 00:12:04] __main__ - [32mINFO[0m - Epoch [1] Motion Validation - Loss: 0.0596 | Acc: 66.59% | AUC: 0.7998
[2025-12-03 00:12:04] __main__ - [32mINFO[0m -   Motion Anomaly Stats: P=0.495 R=0.859 F1=0.628
[2025-12-03 00:12:04] __main__ - [32mINFO[0m -   Conf Matrix: TP=3931 FN=645 TN=5336 FP=4005
[2025-12-03 00:12:04] __main__ - [32mINFO[0m - 🔥 New Best Motion AUC: 0.7998
[2025-12-03 00:12:05] src.utils.training_utils - [32mINFO[0m - Saved best model to /work3/s225224/ucf-crime/checkpoints/r3d_motion_sobel_20251202_235642/best_model.pth
[2025-12-03 00:12:24] src.utils.training - [32mINFO[0m - Epoch [2] Batch [10/504] Loss: 0.0515 Acc: 73.52%
[2025-12-03 00:12:40] src.utils.training - [32mINFO[0m - Epoch [2] Batch [20/504] Loss: 0.0494 Acc: 72.97%
[2025-12-03 00:12:53] src.utils.training - [32mINFO[0m - Epoch [2] Batch [30/504] Loss: 0.0509 Acc: 72.27%
[2025-12-03 00:13:06] src.utils.training - [32mINFO[0m - Epoch [2] Batch [40/504] Loss: 0.0504 Acc: 72.30%
[2025-12-03 00:13:19] src.utils.training - [32mINFO[0m - Epoch [2] Batch [50/504] Loss: 0.0505 Acc: 71.98%
[2025-12-03 00:13:32] src.utils.training - [32mINFO[0m - Epoch [2] Batch [60/504] Loss: 0.0503 Acc: 72.38%
[2025-12-03 00:13:45] src.utils.training - [32mINFO[0m - Epoch [2] Batch [70/504] Loss: 0.0498 Acc: 72.79%
[2025-12-03 00:13:59] src.utils.training - [32mINFO[0m - Epoch [2] Batch [80/504] Loss: 0.0499 Acc: 72.58%
[2025-12-03 00:14:13] src.utils.training - [32mINFO[0m - Epoch [2] Batch [90/504] Loss: 0.0500 Acc: 72.52%
[2025-12-03 00:14:26] src.utils.training - [32mINFO[0m - Epoch [2] Batch [100/504] Loss: 0.0495 Acc: 72.60%
[2025-12-03 00:14:39] src.utils.training - [32mINFO[0m - Epoch [2] Batch [110/504] Loss: 0.0491 Acc: 72.69%
[2025-12-03 00:14:56] src.utils.training - [32mINFO[0m - Epoch [2] Batch [120/504] Loss: 0.0490 Acc: 72.94%
[2025-12-03 00:15:13] src.utils.training - [32mINFO[0m - Epoch [2] Batch [130/504] Loss: 0.0487 Acc: 72.93%
[2025-12-03 00:15:30] src.utils.training - [32mINFO[0m - Epoch [2] Batch [140/504] Loss: 0.0487 Acc: 72.83%
[2025-12-03 00:15:44] src.utils.training - [32mINFO[0m - Epoch [2] Batch [150/504] Loss: 0.0485 Acc: 72.83%
[2025-12-03 00:16:01] src.utils.training - [32mINFO[0m - Epoch [2] Batch [160/504] Loss: 0.0482 Acc: 73.03%
[2025-12-03 00:16:19] src.utils.training - [32mINFO[0m - Epoch [2] Batch [170/504] Loss: 0.0483 Acc: 73.07%
[2025-12-03 00:16:41] src.utils.training - [32mINFO[0m - Epoch [2] Batch [180/504] Loss: 0.0482 Acc: 73.21%
[2025-12-03 00:16:56] src.utils.training - [32mINFO[0m - Epoch [2] Batch [190/504] Loss: 0.0479 Acc: 73.30%
[2025-12-03 00:17:13] src.utils.training - [32mINFO[0m - Epoch [2] Batch [200/504] Loss: 0.0477 Acc: 73.49%
[2025-12-03 00:17:30] src.utils.training - [32mINFO[0m - Epoch [2] Batch [210/504] Loss: 0.0475 Acc: 73.53%
[2025-12-03 00:17:48] src.utils.training - [32mINFO[0m - Epoch [2] Batch [220/504] Loss: 0.0474 Acc: 73.67%
[2025-12-03 00:18:01] src.utils.training - [32mINFO[0m - Epoch [2] Batch [230/504] Loss: 0.0473 Acc: 73.69%
[2025-12-03 00:18:21] src.utils.training - [32mINFO[0m - Epoch [2] Batch [240/504] Loss: 0.0471 Acc: 73.82%
[2025-12-03 00:18:35] src.utils.training - [32mINFO[0m - Epoch [2] Batch [250/504] Loss: 0.0470 Acc: 73.90%
[2025-12-03 00:18:51] src.utils.training - [32mINFO[0m - Epoch [2] Batch [260/504] Loss: 0.0469 Acc: 73.95%
[2025-12-03 00:19:07] src.utils.training - [32mINFO[0m - Epoch [2] Batch [270/504] Loss: 0.0467 Acc: 73.98%
[2025-12-03 00:19:21] src.utils.training - [32mINFO[0m - Epoch [2] Batch [280/504] Loss: 0.0465 Acc: 73.99%
[2025-12-03 00:19:37] src.utils.training - [32mINFO[0m - Epoch [2] Batch [290/504] Loss: 0.0465 Acc: 74.05%
[2025-12-03 00:19:53] src.utils.training - [32mINFO[0m - Epoch [2] Batch [300/504] Loss: 0.0463 Acc: 74.11%
[2025-12-03 00:20:07] src.utils.training - [32mINFO[0m - Epoch [2] Batch [310/504] Loss: 0.0462 Acc: 74.19%
[2025-12-03 00:20:21] src.utils.training - [32mINFO[0m - Epoch [2] Batch [320/504] Loss: 0.0459 Acc: 74.35%
[2025-12-03 00:20:40] src.utils.training - [32mINFO[0m - Epoch [2] Batch [330/504] Loss: 0.0458 Acc: 74.43%
[2025-12-03 00:20:55] src.utils.training - [32mINFO[0m - Epoch [2] Batch [340/504] Loss: 0.0457 Acc: 74.52%
[2025-12-03 00:21:08] src.utils.training - [32mINFO[0m - Epoch [2] Batch [350/504] Loss: 0.0455 Acc: 74.66%
[2025-12-03 00:21:21] src.utils.training - [32mINFO[0m - Epoch [2] Batch [360/504] Loss: 0.0454 Acc: 74.73%
[2025-12-03 00:21:39] src.utils.training - [32mINFO[0m - Epoch [2] Batch [370/504] Loss: 0.0453 Acc: 74.76%
[2025-12-03 00:21:54] src.utils.training - [32mINFO[0m - Epoch [2] Batch [380/504] Loss: 0.0453 Acc: 74.86%
[2025-12-03 00:22:07] src.utils.training - [32mINFO[0m - Epoch [2] Batch [390/504] Loss: 0.0451 Acc: 74.93%
[2025-12-03 00:22:22] src.utils.training - [32mINFO[0m - Epoch [2] Batch [400/504] Loss: 0.0450 Acc: 75.00%
[2025-12-03 00:22:37] src.utils.training - [32mINFO[0m - Epoch [2] Batch [410/504] Loss: 0.0449 Acc: 75.07%
[2025-12-03 00:22:54] src.utils.training - [32mINFO[0m - Epoch [2] Batch [420/504] Loss: 0.0448 Acc: 75.21%
[2025-12-03 00:23:11] src.utils.training - [32mINFO[0m - Epoch [2] Batch [430/504] Loss: 0.0447 Acc: 75.27%
[2025-12-03 00:23:26] src.utils.training - [32mINFO[0m - Epoch [2] Batch [440/504] Loss: 0.0446 Acc: 75.35%
[2025-12-03 00:23:39] src.utils.training - [32mINFO[0m - Epoch [2] Batch [450/504] Loss: 0.0444 Acc: 75.42%
[2025-12-03 00:23:57] src.utils.training - [32mINFO[0m - Epoch [2] Batch [460/504] Loss: 0.0444 Acc: 75.49%
[2025-12-03 00:24:10] src.utils.training - [32mINFO[0m - Epoch [2] Batch [470/504] Loss: 0.0442 Acc: 75.63%
[2025-12-03 00:24:23] src.utils.training - [32mINFO[0m - Epoch [2] Batch [480/504] Loss: 0.0440 Acc: 75.71%
[2025-12-03 00:24:38] src.utils.training - [32mINFO[0m - Epoch [2] Batch [490/504] Loss: 0.0440 Acc: 75.76%
[2025-12-03 00:24:52] src.utils.training - [32mINFO[0m - Epoch [2] Batch [500/504] Loss: 0.0439 Acc: 75.80%
[2025-12-03 00:24:57] src.utils.training - [32mINFO[0m - Epoch [2] Training Completed in 772s - Loss: 0.0438 Acc: 75.80%
[2025-12-03 00:26:06] src.utils.clip_level_evaluation - [32mINFO[0m - [VAL] Batch 50/109 Loss: 0.0410
[2025-12-03 00:27:21] src.utils.clip_level_evaluation - [32mINFO[0m - [VAL] Batch 100/109 Loss: 0.0546
[2025-12-03 00:27:35] src.utils.clip_level_evaluation - [32mINFO[0m - [VAL] Finished in 158s
[2025-12-03 00:27:35] src.utils.clip_level_evaluation - [32mINFO[0m - Results:
Loss: 0.0571 | Acc: 69.27% | AUC: 0.8206
   >> Anomaly: P=0.520 R=0.845 F1=0.644
   >> Normal:  P=0.891 R=0.618
   >> Counts:  TP=3867 FN=709 (Missed) | TN=5774 FP=3567 (False Alarm)
   >> Rates:   FPR=0.3819 | FNR=0.1549
[2025-12-03 00:27:35] __main__ - [32mINFO[0m - Epoch [2] Motion Validation - Loss: 0.0571 | Acc: 69.27% | AUC: 0.8206
[2025-12-03 00:27:35] __main__ - [32mINFO[0m -   Motion Anomaly Stats: P=0.520 R=0.845 F1=0.644
[2025-12-03 00:27:35] __main__ - [32mINFO[0m -   Conf Matrix: TP=3867 FN=709 TN=5774 FP=3567
[2025-12-03 00:27:35] __main__ - [32mINFO[0m - 🔥 New Best Motion AUC: 0.8206
[2025-12-03 00:27:36] src.utils.training_utils - [32mINFO[0m - Saved best model to /work3/s225224/ucf-crime/checkpoints/r3d_motion_sobel_20251202_235642/best_model.pth
[2025-12-03 00:27:58] src.utils.training - [32mINFO[0m - Epoch [3] Batch [10/504] Loss: 0.0347 Acc: 79.38%
[2025-12-03 00:28:13] src.utils.training - [32mINFO[0m - Epoch [3] Batch [20/504] Loss: 0.0355 Acc: 80.27%
[2025-12-03 00:28:28] src.utils.training - [32mINFO[0m - Epoch [3] Batch [30/504] Loss: 0.0361 Acc: 80.16%
[2025-12-03 00:28:48] src.utils.training - [32mINFO[0m - Epoch [3] Batch [40/504] Loss: 0.0373 Acc: 79.98%
[2025-12-03 00:29:01] src.utils.training - [32mINFO[0m - Epoch [3] Batch [50/504] Loss: 0.0366 Acc: 80.28%
[2025-12-03 00:29:14] src.utils.training - [32mINFO[0m - Epoch [3] Batch [60/504] Loss: 0.0363 Acc: 80.26%
[2025-12-03 00:29:28] src.utils.training - [32mINFO[0m - Epoch [3] Batch [70/504] Loss: 0.0364 Acc: 80.26%
[2025-12-03 00:29:45] src.utils.training - [32mINFO[0m - Epoch [3] Batch [80/504] Loss: 0.0365 Acc: 80.28%
[2025-12-03 00:30:01] src.utils.training - [32mINFO[0m - Epoch [3] Batch [90/504] Loss: 0.0367 Acc: 80.19%
[2025-12-03 00:30:15] src.utils.training - [32mINFO[0m - Epoch [3] Batch [100/504] Loss: 0.0367 Acc: 80.18%
[2025-12-03 00:30:28] src.utils.training - [32mINFO[0m - Epoch [3] Batch [110/504] Loss: 0.0366 Acc: 80.27%
[2025-12-03 00:30:50] src.utils.training - [32mINFO[0m - Epoch [3] Batch [120/504] Loss: 0.0365 Acc: 80.46%
[2025-12-03 00:31:03] src.utils.training - [32mINFO[0m - Epoch [3] Batch [130/504] Loss: 0.0362 Acc: 80.58%
[2025-12-03 00:31:18] src.utils.training - [32mINFO[0m - Epoch [3] Batch [140/504] Loss: 0.0362 Acc: 80.64%
[2025-12-03 00:31:31] src.utils.training - [32mINFO[0m - Epoch [3] Batch [150/504] Loss: 0.0360 Acc: 80.76%
[2025-12-03 00:31:44] src.utils.training - [32mINFO[0m - Epoch [3] Batch [160/504] Loss: 0.0358 Acc: 80.95%
[2025-12-03 00:32:06] src.utils.training - [32mINFO[0m - Epoch [3] Batch [170/504] Loss: 0.0358 Acc: 80.95%
[2025-12-03 00:32:19] src.utils.training - [32mINFO[0m - Epoch [3] Batch [180/504] Loss: 0.0359 Acc: 80.94%
[2025-12-03 00:32:33] src.utils.training - [32mINFO[0m - Epoch [3] Batch [190/504] Loss: 0.0359 Acc: 80.99%
[2025-12-03 00:32:53] src.utils.training - [32mINFO[0m - Epoch [3] Batch [200/504] Loss: 0.0359 Acc: 81.07%
[2025-12-03 00:33:11] src.utils.training - [32mINFO[0m - Epoch [3] Batch [210/504] Loss: 0.0360 Acc: 81.04%
[2025-12-03 00:33:24] src.utils.training - [32mINFO[0m - Epoch [3] Batch [220/504] Loss: 0.0358 Acc: 81.05%
[2025-12-03 00:33:41] src.utils.training - [32mINFO[0m - Epoch [3] Batch [230/504] Loss: 0.0358 Acc: 81.07%
[2025-12-03 00:33:54] src.utils.training - [32mINFO[0m - Epoch [3] Batch [240/504] Loss: 0.0357 Acc: 81.16%
[2025-12-03 00:34:08] src.utils.training - [32mINFO[0m - Epoch [3] Batch [250/504] Loss: 0.0355 Acc: 81.34%
[2025-12-03 00:34:21] src.utils.training - [32mINFO[0m - Epoch [3] Batch [260/504] Loss: 0.0354 Acc: 81.48%
[2025-12-03 00:34:34] src.utils.training - [32mINFO[0m - Epoch [3] Batch [270/504] Loss: 0.0353 Acc: 81.53%
[2025-12-03 00:34:47] src.utils.training - [32mINFO[0m - Epoch [3] Batch [280/504] Loss: 0.0352 Acc: 81.57%
[2025-12-03 00:35:02] src.utils.training - [32mINFO[0m - Epoch [3] Batch [290/504] Loss: 0.0351 Acc: 81.69%
[2025-12-03 00:35:15] src.utils.training - [32mINFO[0m - Epoch [3] Batch [300/504] Loss: 0.0350 Acc: 81.72%
[2025-12-03 00:35:28] src.utils.training - [32mINFO[0m - Epoch [3] Batch [310/504] Loss: 0.0349 Acc: 81.76%
[2025-12-03 00:35:41] src.utils.training - [32mINFO[0m - Epoch [3] Batch [320/504] Loss: 0.0349 Acc: 81.82%
[2025-12-03 00:35:54] src.utils.training - [32mINFO[0m - Epoch [3] Batch [330/504] Loss: 0.0348 Acc: 81.87%
[2025-12-03 00:36:09] src.utils.training - [32mINFO[0m - Epoch [3] Batch [340/504] Loss: 0.0347 Acc: 81.94%
[2025-12-03 00:36:23] src.utils.training - [32mINFO[0m - Epoch [3] Batch [350/504] Loss: 0.0346 Acc: 81.96%
[2025-12-03 00:36:36] src.utils.training - [32mINFO[0m - Epoch [3] Batch [360/504] Loss: 0.0345 Acc: 82.05%
[2025-12-03 00:36:49] src.utils.training - [32mINFO[0m - Epoch [3] Batch [370/504] Loss: 0.0345 Acc: 82.10%
[2025-12-03 00:37:04] src.utils.training - [32mINFO[0m - Epoch [3] Batch [380/504] Loss: 0.0344 Acc: 82.15%
[2025-12-03 00:37:19] src.utils.training - [32mINFO[0m - Epoch [3] Batch [390/504] Loss: 0.0343 Acc: 82.21%
[2025-12-03 00:37:33] src.utils.training - [32mINFO[0m - Epoch [3] Batch [400/504] Loss: 0.0342 Acc: 82.32%
[2025-12-03 00:37:49] src.utils.training - [32mINFO[0m - Epoch [3] Batch [410/504] Loss: 0.0341 Acc: 82.36%
[2025-12-03 00:38:06] src.utils.training - [32mINFO[0m - Epoch [3] Batch [420/504] Loss: 0.0341 Acc: 82.39%
[2025-12-03 00:38:21] src.utils.training - [32mINFO[0m - Epoch [3] Batch [430/504] Loss: 0.0340 Acc: 82.48%
[2025-12-03 00:38:34] src.utils.training - [32mINFO[0m - Epoch [3] Batch [440/504] Loss: 0.0339 Acc: 82.56%
[2025-12-03 00:38:47] src.utils.training - [32mINFO[0m - Epoch [3] Batch [450/504] Loss: 0.0338 Acc: 82.62%
[2025-12-03 00:39:00] src.utils.training - [32mINFO[0m - Epoch [3] Batch [460/504] Loss: 0.0338 Acc: 82.70%
[2025-12-03 00:39:13] src.utils.training - [32mINFO[0m - Epoch [3] Batch [470/504] Loss: 0.0337 Acc: 82.76%
[2025-12-03 00:39:27] src.utils.training - [32mINFO[0m - Epoch [3] Batch [480/504] Loss: 0.0336 Acc: 82.79%
[2025-12-03 00:39:47] src.utils.training - [32mINFO[0m - Epoch [3] Batch [490/504] Loss: 0.0335 Acc: 82.83%
[2025-12-03 00:40:02] src.utils.training - [32mINFO[0m - Epoch [3] Batch [500/504] Loss: 0.0334 Acc: 82.88%
[2025-12-03 00:40:11] src.utils.training - [32mINFO[0m - Epoch [3] Training Completed in 755s - Loss: 0.0334 Acc: 82.90%
[2025-12-03 00:41:38] src.utils.clip_level_evaluation - [32mINFO[0m - [VAL] Batch 50/109 Loss: 0.0387
[2025-12-03 00:42:43] src.utils.clip_level_evaluation - [32mINFO[0m - [VAL] Batch 100/109 Loss: 0.0538
[2025-12-03 00:42:55] src.utils.clip_level_evaluation - [32mINFO[0m - [VAL] Finished in 165s
[2025-12-03 00:42:55] src.utils.clip_level_evaluation - [32mINFO[0m - Results:
Loss: 0.0566 | Acc: 71.73% | AUC: 0.8232
   >> Anomaly: P=0.548 R=0.798 F1=0.650
   >> Normal:  P=0.873 R=0.678
   >> Counts:  TP=3653 FN=923 (Missed) | TN=6330 FP=3011 (False Alarm)
   >> Rates:   FPR=0.3223 | FNR=0.2017
[2025-12-03 00:42:55] __main__ - [32mINFO[0m - Epoch [3] Motion Validation - Loss: 0.0566 | Acc: 71.73% | AUC: 0.8232
[2025-12-03 00:42:55] __main__ - [32mINFO[0m -   Motion Anomaly Stats: P=0.548 R=0.798 F1=0.650
[2025-12-03 00:42:55] __main__ - [32mINFO[0m -   Conf Matrix: TP=3653 FN=923 TN=6330 FP=3011
[2025-12-03 00:42:55] __main__ - [32mINFO[0m - 🔥 New Best Motion AUC: 0.8232
[2025-12-03 00:42:56] src.utils.training_utils - [32mINFO[0m - Saved best model to /work3/s225224/ucf-crime/checkpoints/r3d_motion_sobel_20251202_235642/best_model.pth
[2025-12-03 00:43:15] src.utils.training - [32mINFO[0m - Epoch [4] Batch [10/504] Loss: 0.0295 Acc: 84.84%
[2025-12-03 00:43:29] src.utils.training - [32mINFO[0m - Epoch [4] Batch [20/504] Loss: 0.0292 Acc: 85.82%
[2025-12-03 00:43:44] src.utils.training - [32mINFO[0m - Epoch [4] Batch [30/504] Loss: 0.0285 Acc: 86.07%
[2025-12-03 00:43:57] src.utils.training - [32mINFO[0m - Epoch [4] Batch [40/504] Loss: 0.0285 Acc: 86.17%
[2025-12-03 00:44:11] src.utils.training - [32mINFO[0m - Epoch [4] Batch [50/504] Loss: 0.0285 Acc: 86.22%
[2025-12-03 00:44:29] src.utils.training - [32mINFO[0m - Epoch [4] Batch [60/504] Loss: 0.0287 Acc: 86.00%
[2025-12-03 00:44:47] src.utils.training - [32mINFO[0m - Epoch [4] Batch [70/504] Loss: 0.0283 Acc: 86.16%
[2025-12-03 00:45:00] src.utils.training - [32mINFO[0m - Epoch [4] Batch [80/504] Loss: 0.0282 Acc: 86.24%
[2025-12-03 00:45:19] src.utils.training - [32mINFO[0m - Epoch [4] Batch [90/504] Loss: 0.0282 Acc: 86.39%
[2025-12-03 00:45:34] src.utils.training - [32mINFO[0m - Epoch [4] Batch [100/504] Loss: 0.0282 Acc: 86.33%
[2025-12-03 00:45:49] src.utils.training - [32mINFO[0m - Epoch [4] Batch [110/504] Loss: 0.0282 Acc: 86.24%
[2025-12-03 00:46:05] src.utils.training - [32mINFO[0m - Epoch [4] Batch [120/504] Loss: 0.0281 Acc: 86.25%
[2025-12-03 00:46:18] src.utils.training - [32mINFO[0m - Epoch [4] Batch [130/504] Loss: 0.0282 Acc: 86.20%
[2025-12-03 00:46:33] src.utils.training - [32mINFO[0m - Epoch [4] Batch [140/504] Loss: 0.0284 Acc: 86.20%
[2025-12-03 00:46:46] src.utils.training - [32mINFO[0m - Epoch [4] Batch [150/504] Loss: 0.0284 Acc: 86.20%
[2025-12-03 00:47:00] src.utils.training - [32mINFO[0m - Epoch [4] Batch [160/504] Loss: 0.0283 Acc: 86.21%
[2025-12-03 00:47:15] src.utils.training - [32mINFO[0m - Epoch [4] Batch [170/504] Loss: 0.0282 Acc: 86.24%
[2025-12-03 00:47:29] src.utils.training - [32mINFO[0m - Epoch [4] Batch [180/504] Loss: 0.0284 Acc: 86.17%
[2025-12-03 00:47:42] src.utils.training - [32mINFO[0m - Epoch [4] Batch [190/504] Loss: 0.0284 Acc: 86.12%
[2025-12-03 00:47:56] src.utils.training - [32mINFO[0m - Epoch [4] Batch [200/504] Loss: 0.0284 Acc: 86.16%
[2025-12-03 00:48:17] src.utils.training - [32mINFO[0m - Epoch [4] Batch [210/504] Loss: 0.0282 Acc: 86.25%
[2025-12-03 00:48:36] src.utils.training - [32mINFO[0m - Epoch [4] Batch [220/504] Loss: 0.0282 Acc: 86.29%
[2025-12-03 00:48:52] src.utils.training - [32mINFO[0m - Epoch [4] Batch [230/504] Loss: 0.0282 Acc: 86.33%
[2025-12-03 00:49:08] src.utils.training - [32mINFO[0m - Epoch [4] Batch [240/504] Loss: 0.0282 Acc: 86.31%
[2025-12-03 00:49:23] src.utils.training - [32mINFO[0m - Epoch [4] Batch [250/504] Loss: 0.0280 Acc: 86.38%
[2025-12-03 00:49:38] src.utils.training - [32mINFO[0m - Epoch [4] Batch [260/504] Loss: 0.0281 Acc: 86.38%
[2025-12-03 00:49:57] src.utils.training - [32mINFO[0m - Epoch [4] Batch [270/504] Loss: 0.0280 Acc: 86.48%
[2025-12-03 00:50:22] src.utils.training - [32mINFO[0m - Epoch [4] Batch [280/504] Loss: 0.0280 Acc: 86.49%
[2025-12-03 00:50:35] src.utils.training - [32mINFO[0m - Epoch [4] Batch [290/504] Loss: 0.0279 Acc: 86.61%
[2025-12-03 00:50:48] src.utils.training - [32mINFO[0m - Epoch [4] Batch [300/504] Loss: 0.0278 Acc: 86.60%
[2025-12-03 00:51:10] src.utils.training - [32mINFO[0m - Epoch [4] Batch [310/504] Loss: 0.0278 Acc: 86.61%
[2025-12-03 00:51:23] src.utils.training - [32mINFO[0m - Epoch [4] Batch [320/504] Loss: 0.0277 Acc: 86.60%
[2025-12-03 00:51:37] src.utils.training - [32mINFO[0m - Epoch [4] Batch [330/504] Loss: 0.0277 Acc: 86.62%
[2025-12-03 00:51:55] src.utils.training - [32mINFO[0m - Epoch [4] Batch [340/504] Loss: 0.0277 Acc: 86.65%
[2025-12-03 00:52:09] src.utils.training - [32mINFO[0m - Epoch [4] Batch [350/504] Loss: 0.0278 Acc: 86.65%
[2025-12-03 00:52:25] src.utils.training - [32mINFO[0m - Epoch [4] Batch [360/504] Loss: 0.0277 Acc: 86.67%
[2025-12-03 00:52:41] src.utils.training - [32mINFO[0m - Epoch [4] Batch [370/504] Loss: 0.0277 Acc: 86.69%
[2025-12-03 00:52:56] src.utils.training - [32mINFO[0m - Epoch [4] Batch [380/504] Loss: 0.0276 Acc: 86.73%
[2025-12-03 00:53:09] src.utils.training - [32mINFO[0m - Epoch [4] Batch [390/504] Loss: 0.0277 Acc: 86.71%
[2025-12-03 00:53:22] src.utils.training - [32mINFO[0m - Epoch [4] Batch [400/504] Loss: 0.0277 Acc: 86.69%
[2025-12-03 00:53:37] src.utils.training - [32mINFO[0m - Epoch [4] Batch [410/504] Loss: 0.0276 Acc: 86.75%
[2025-12-03 00:53:53] src.utils.training - [32mINFO[0m - Epoch [4] Batch [420/504] Loss: 0.0275 Acc: 86.80%
[2025-12-03 00:54:10] src.utils.training - [32mINFO[0m - Epoch [4] Batch [430/504] Loss: 0.0275 Acc: 86.82%
[2025-12-03 00:54:24] src.utils.training - [32mINFO[0m - Epoch [4] Batch [440/504] Loss: 0.0275 Acc: 86.82%
[2025-12-03 00:54:37] src.utils.training - [32mINFO[0m - Epoch [4] Batch [450/504] Loss: 0.0275 Acc: 86.83%
[2025-12-03 00:54:51] src.utils.training - [32mINFO[0m - Epoch [4] Batch [460/504] Loss: 0.0274 Acc: 86.85%
[2025-12-03 00:55:07] src.utils.training - [32mINFO[0m - Epoch [4] Batch [470/504] Loss: 0.0274 Acc: 86.87%
[2025-12-03 00:55:20] src.utils.training - [32mINFO[0m - Epoch [4] Batch [480/504] Loss: 0.0273 Acc: 86.89%
[2025-12-03 00:55:33] src.utils.training - [32mINFO[0m - Epoch [4] Batch [490/504] Loss: 0.0273 Acc: 86.90%
[2025-12-03 00:55:49] src.utils.training - [32mINFO[0m - Epoch [4] Batch [500/504] Loss: 0.0272 Acc: 86.98%
[2025-12-03 00:55:54] src.utils.training - [32mINFO[0m - Epoch [4] Training Completed in 778s - Loss: 0.0272 Acc: 87.01%
[2025-12-03 00:57:18] src.utils.clip_level_evaluation - [32mINFO[0m - [VAL] Batch 50/109 Loss: 0.0458
[2025-12-03 00:58:39] src.utils.clip_level_evaluation - [32mINFO[0m - [VAL] Batch 100/109 Loss: 0.0574
[2025-12-03 00:58:49] src.utils.clip_level_evaluation - [32mINFO[0m - [VAL] Finished in 175s
[2025-12-03 00:58:49] src.utils.clip_level_evaluation - [32mINFO[0m - Results:
Loss: 0.0603 | Acc: 70.47% | AUC: 0.8163
   >> Anomaly: P=0.534 R=0.809 F1=0.643
   >> Normal:  P=0.875 R=0.653
   >> Counts:  TP=3703 FN=873 (Missed) | TN=6104 FP=3237 (False Alarm)
   >> Rates:   FPR=0.3465 | FNR=0.1908
[2025-12-03 00:58:49] __main__ - [32mINFO[0m - Epoch [4] Motion Validation - Loss: 0.0603 | Acc: 70.47% | AUC: 0.8163
[2025-12-03 00:58:49] __main__ - [32mINFO[0m -   Motion Anomaly Stats: P=0.534 R=0.809 F1=0.643
[2025-12-03 00:58:49] __main__ - [32mINFO[0m -   Conf Matrix: TP=3703 FN=873 TN=6104 FP=3237
[2025-12-03 00:58:49] src.utils.training_utils - [32mINFO[0m - No improvement for 1/10 epochs
[2025-12-03 00:59:10] src.utils.training - [32mINFO[0m - Epoch [5] Batch [10/504] Loss: 0.0230 Acc: 89.45%
[2025-12-03 00:59:26] src.utils.training - [32mINFO[0m - Epoch [5] Batch [20/504] Loss: 0.0243 Acc: 89.14%
[2025-12-03 00:59:46] src.utils.training - [32mINFO[0m - Epoch [5] Batch [30/504] Loss: 0.0247 Acc: 88.83%
[2025-12-03 00:59:59] src.utils.training - [32mINFO[0m - Epoch [5] Batch [40/504] Loss: 0.0245 Acc: 88.98%
[2025-12-03 01:00:17] src.utils.training - [32mINFO[0m - Epoch [5] Batch [50/504] Loss: 0.0245 Acc: 88.91%
[2025-12-03 01:00:30] src.utils.training - [32mINFO[0m - Epoch [5] Batch [60/504] Loss: 0.0242 Acc: 88.89%
[2025-12-03 01:00:45] src.utils.training - [32mINFO[0m - Epoch [5] Batch [70/504] Loss: 0.0239 Acc: 88.98%
[2025-12-03 01:00:58] src.utils.training - [32mINFO[0m - Epoch [5] Batch [80/504] Loss: 0.0239 Acc: 89.07%
[2025-12-03 01:01:15] src.utils.training - [32mINFO[0m - Epoch [5] Batch [90/504] Loss: 0.0239 Acc: 89.14%
[2025-12-03 01:01:29] src.utils.training - [32mINFO[0m - Epoch [5] Batch [100/504] Loss: 0.0237 Acc: 89.22%
[2025-12-03 01:01:42] src.utils.training - [32mINFO[0m - Epoch [5] Batch [110/504] Loss: 0.0238 Acc: 89.09%
[2025-12-03 01:02:03] src.utils.training - [32mINFO[0m - Epoch [5] Batch [120/504] Loss: 0.0238 Acc: 89.04%
[2025-12-03 01:02:18] src.utils.training - [32mINFO[0m - Epoch [5] Batch [130/504] Loss: 0.0238 Acc: 89.01%
[2025-12-03 01:02:33] src.utils.training - [32mINFO[0m - Epoch [5] Batch [140/504] Loss: 0.0237 Acc: 89.11%
[2025-12-03 01:02:47] src.utils.training - [32mINFO[0m - Epoch [5] Batch [150/504] Loss: 0.0237 Acc: 89.20%
[2025-12-03 01:03:00] src.utils.training - [32mINFO[0m - Epoch [5] Batch [160/504] Loss: 0.0236 Acc: 89.24%
[2025-12-03 01:03:15] src.utils.training - [32mINFO[0m - Epoch [5] Batch [170/504] Loss: 0.0236 Acc: 89.29%
[2025-12-03 01:03:30] src.utils.training - [32mINFO[0m - Epoch [5] Batch [180/504] Loss: 0.0235 Acc: 89.34%
[2025-12-03 01:03:43] src.utils.training - [32mINFO[0m - Epoch [5] Batch [190/504] Loss: 0.0235 Acc: 89.28%
[2025-12-03 01:04:06] src.utils.training - [32mINFO[0m - Epoch [5] Batch [200/504] Loss: 0.0235 Acc: 89.30%
[2025-12-03 01:04:21] src.utils.training - [32mINFO[0m - Epoch [5] Batch [210/504] Loss: 0.0234 Acc: 89.35%
[2025-12-03 01:04:34] src.utils.training - [32mINFO[0m - Epoch [5] Batch [220/504] Loss: 0.0234 Acc: 89.30%
[2025-12-03 01:04:49] src.utils.training - [32mINFO[0m - Epoch [5] Batch [230/504] Loss: 0.0232 Acc: 89.30%
[2025-12-03 01:05:05] src.utils.training - [32mINFO[0m - Epoch [5] Batch [240/504] Loss: 0.0232 Acc: 89.33%
[2025-12-03 01:05:18] src.utils.training - [32mINFO[0m - Epoch [5] Batch [250/504] Loss: 0.0232 Acc: 89.33%
[2025-12-03 01:05:34] src.utils.training - [32mINFO[0m - Epoch [5] Batch [260/504] Loss: 0.0232 Acc: 89.27%
[2025-12-03 01:05:49] src.utils.training - [32mINFO[0m - Epoch [5] Batch [270/504] Loss: 0.0231 Acc: 89.30%
[2025-12-03 01:06:02] src.utils.training - [32mINFO[0m - Epoch [5] Batch [280/504] Loss: 0.0231 Acc: 89.35%
[2025-12-03 01:06:15] src.utils.training - [32mINFO[0m - Epoch [5] Batch [290/504] Loss: 0.0230 Acc: 89.40%
[2025-12-03 01:06:29] src.utils.training - [32mINFO[0m - Epoch [5] Batch [300/504] Loss: 0.0229 Acc: 89.47%
[2025-12-03 01:06:46] src.utils.training - [32mINFO[0m - Epoch [5] Batch [310/504] Loss: 0.0229 Acc: 89.47%
[2025-12-03 01:06:59] src.utils.training - [32mINFO[0m - Epoch [5] Batch [320/504] Loss: 0.0229 Acc: 89.47%
[2025-12-03 01:07:12] src.utils.training - [32mINFO[0m - Epoch [5] Batch [330/504] Loss: 0.0229 Acc: 89.49%
[2025-12-03 01:07:25] src.utils.training - [32mINFO[0m - Epoch [5] Batch [340/504] Loss: 0.0228 Acc: 89.52%
[2025-12-03 01:07:42] src.utils.training - [32mINFO[0m - Epoch [5] Batch [350/504] Loss: 0.0228 Acc: 89.52%
[2025-12-03 01:07:55] src.utils.training - [32mINFO[0m - Epoch [5] Batch [360/504] Loss: 0.0228 Acc: 89.52%
[2025-12-03 01:08:09] src.utils.training - [32mINFO[0m - Epoch [5] Batch [370/504] Loss: 0.0227 Acc: 89.58%
[2025-12-03 01:08:22] src.utils.training - [32mINFO[0m - Epoch [5] Batch [380/504] Loss: 0.0227 Acc: 89.56%
[2025-12-03 01:08:35] src.utils.training - [32mINFO[0m - Epoch [5] Batch [390/504] Loss: 0.0226 Acc: 89.60%
[2025-12-03 01:08:52] src.utils.training - [32mINFO[0m - Epoch [5] Batch [400/504] Loss: 0.0226 Acc: 89.62%
[2025-12-03 01:09:10] src.utils.training - [32mINFO[0m - Epoch [5] Batch [410/504] Loss: 0.0225 Acc: 89.69%
[2025-12-03 01:09:25] src.utils.training - [32mINFO[0m - Epoch [5] Batch [420/504] Loss: 0.0225 Acc: 89.71%
[2025-12-03 01:09:39] src.utils.training - [32mINFO[0m - Epoch [5] Batch [430/504] Loss: 0.0225 Acc: 89.69%
[2025-12-03 01:09:52] src.utils.training - [32mINFO[0m - Epoch [5] Batch [440/504] Loss: 0.0225 Acc: 89.67%
[2025-12-03 01:10:07] src.utils.training - [32mINFO[0m - Epoch [5] Batch [450/504] Loss: 0.0225 Acc: 89.73%
[2025-12-03 01:10:25] src.utils.training - [32mINFO[0m - Epoch [5] Batch [460/504] Loss: 0.0224 Acc: 89.76%
[2025-12-03 01:10:38] src.utils.training - [32mINFO[0m - Epoch [5] Batch [470/504] Loss: 0.0224 Acc: 89.74%
[2025-12-03 01:10:53] src.utils.training - [32mINFO[0m - Epoch [5] Batch [480/504] Loss: 0.0224 Acc: 89.74%
[2025-12-03 01:11:07] src.utils.training - [32mINFO[0m - Epoch [5] Batch [490/504] Loss: 0.0224 Acc: 89.72%
[2025-12-03 01:11:20] src.utils.training - [32mINFO[0m - Epoch [5] Batch [500/504] Loss: 0.0223 Acc: 89.73%
[2025-12-03 01:11:26] src.utils.training - [32mINFO[0m - Epoch [5] Training Completed in 756s - Loss: 0.0223 Acc: 89.75%
[2025-12-03 01:12:45] src.utils.clip_level_evaluation - [32mINFO[0m - [VAL] Batch 50/109 Loss: 0.0320
[2025-12-03 01:14:08] src.utils.clip_level_evaluation - [32mINFO[0m - [VAL] Batch 100/109 Loss: 0.0485
[2025-12-03 01:14:22] src.utils.clip_level_evaluation - [32mINFO[0m - [VAL] Finished in 176s
[2025-12-03 01:14:22] src.utils.clip_level_evaluation - [32mINFO[0m - Results:
Loss: 0.0526 | Acc: 77.02% | AUC: 0.8626
   >> Anomaly: P=0.616 R=0.800 F1=0.696
   >> Normal:  P=0.885 R=0.755
   >> Counts:  TP=3663 FN=913 (Missed) | TN=7056 FP=2285 (False Alarm)
   >> Rates:   FPR=0.2446 | FNR=0.1995
[2025-12-03 01:14:22] __main__ - [32mINFO[0m - Epoch [5] Motion Validation - Loss: 0.0526 | Acc: 77.02% | AUC: 0.8626
[2025-12-03 01:14:22] __main__ - [32mINFO[0m -   Motion Anomaly Stats: P=0.616 R=0.800 F1=0.696
[2025-12-03 01:14:22] __main__ - [32mINFO[0m -   Conf Matrix: TP=3663 FN=913 TN=7056 FP=2285
[2025-12-03 01:14:22] __main__ - [32mINFO[0m - 🔥 New Best Motion AUC: 0.8626
[2025-12-03 01:14:23] src.utils.training_utils - [32mINFO[0m - Saved best model to /work3/s225224/ucf-crime/checkpoints/r3d_motion_sobel_20251202_235642/best_model.pth
[2025-12-03 01:14:41] src.utils.training - [32mINFO[0m - Epoch [6] Batch [10/504] Loss: 0.0221 Acc: 91.88%
[2025-12-03 01:14:57] src.utils.training - [32mINFO[0m - Epoch [6] Batch [20/504] Loss: 0.0213 Acc: 91.29%
[2025-12-03 01:15:13] src.utils.training - [32mINFO[0m - Epoch [6] Batch [30/504] Loss: 0.0208 Acc: 90.55%
[2025-12-03 01:15:28] src.utils.training - [32mINFO[0m - Epoch [6] Batch [40/504] Loss: 0.0205 Acc: 90.61%
[2025-12-03 01:15:49] src.utils.training - [32mINFO[0m - Epoch [6] Batch [50/504] Loss: 0.0205 Acc: 90.62%
[2025-12-03 01:16:05] src.utils.training - [32mINFO[0m - Epoch [6] Batch [60/504] Loss: 0.0201 Acc: 90.86%
[2025-12-03 01:16:18] src.utils.training - [32mINFO[0m - Epoch [6] Batch [70/504] Loss: 0.0199 Acc: 91.00%
[2025-12-03 01:16:31] src.utils.training - [32mINFO[0m - Epoch [6] Batch [80/504] Loss: 0.0199 Acc: 90.91%
[2025-12-03 01:16:44] src.utils.training - [32mINFO[0m - Epoch [6] Batch [90/504] Loss: 0.0197 Acc: 91.08%
[2025-12-03 01:17:02] src.utils.training - [32mINFO[0m - Epoch [6] Batch [100/504] Loss: 0.0198 Acc: 91.06%
[2025-12-03 01:17:18] src.utils.training - [32mINFO[0m - Epoch [6] Batch [110/504] Loss: 0.0198 Acc: 91.09%
[2025-12-03 01:17:32] src.utils.training - [32mINFO[0m - Epoch [6] Batch [120/504] Loss: 0.0196 Acc: 91.11%
[2025-12-03 01:17:49] src.utils.training - [32mINFO[0m - Epoch [6] Batch [130/504] Loss: 0.0196 Acc: 91.23%
[2025-12-03 01:18:02] src.utils.training - [32mINFO[0m - Epoch [6] Batch [140/504] Loss: 0.0196 Acc: 91.23%
[2025-12-03 01:18:16] src.utils.training - [32mINFO[0m - Epoch [6] Batch [150/504] Loss: 0.0197 Acc: 91.20%
[2025-12-03 01:18:31] src.utils.training - [32mINFO[0m - Epoch [6] Batch [160/504] Loss: 0.0199 Acc: 91.12%
[2025-12-03 01:18:45] src.utils.training - [32mINFO[0m - Epoch [6] Batch [170/504] Loss: 0.0199 Acc: 91.09%
[2025-12-03 01:19:01] src.utils.training - [32mINFO[0m - Epoch [6] Batch [180/504] Loss: 0.0199 Acc: 91.15%
[2025-12-03 01:19:17] src.utils.training - [32mINFO[0m - Epoch [6] Batch [190/504] Loss: 0.0198 Acc: 91.19%
[2025-12-03 01:19:30] src.utils.training - [32mINFO[0m - Epoch [6] Batch [200/504] Loss: 0.0198 Acc: 91.22%
[2025-12-03 01:19:44] src.utils.training - [32mINFO[0m - Epoch [6] Batch [210/504] Loss: 0.0196 Acc: 91.28%
[2025-12-03 01:19:58] src.utils.training - [32mINFO[0m - Epoch [6] Batch [220/504] Loss: 0.0196 Acc: 91.30%
[2025-12-03 01:20:16] src.utils.training - [32mINFO[0m - Epoch [6] Batch [230/504] Loss: 0.0196 Acc: 91.31%
[2025-12-03 01:20:29] src.utils.training - [32mINFO[0m - Epoch [6] Batch [240/504] Loss: 0.0195 Acc: 91.39%
[2025-12-03 01:20:42] src.utils.training - [32mINFO[0m - Epoch [6] Batch [250/504] Loss: 0.0195 Acc: 91.43%
[2025-12-03 01:20:56] src.utils.training - [32mINFO[0m - Epoch [6] Batch [260/504] Loss: 0.0194 Acc: 91.46%
[2025-12-03 01:21:09] src.utils.training - [32mINFO[0m - Epoch [6] Batch [270/504] Loss: 0.0194 Acc: 91.48%
[2025-12-03 01:21:24] src.utils.training - [32mINFO[0m - Epoch [6] Batch [280/504] Loss: 0.0193 Acc: 91.51%
[2025-12-03 01:21:40] src.utils.training - [32mINFO[0m - Epoch [6] Batch [290/504] Loss: 0.0194 Acc: 91.50%
[2025-12-03 01:21:53] src.utils.training - [32mINFO[0m - Epoch [6] Batch [300/504] Loss: 0.0193 Acc: 91.52%
[2025-12-03 01:22:06] src.utils.training - [32mINFO[0m - Epoch [6] Batch [310/504] Loss: 0.0193 Acc: 91.50%
[2025-12-03 01:22:22] src.utils.training - [32mINFO[0m - Epoch [6] Batch [320/504] Loss: 0.0192 Acc: 91.52%
[2025-12-03 01:22:36] src.utils.training - [32mINFO[0m - Epoch [6] Batch [330/504] Loss: 0.0192 Acc: 91.51%
[2025-12-03 01:22:53] src.utils.training - [32mINFO[0m - Epoch [6] Batch [340/504] Loss: 0.0193 Acc: 91.49%
[2025-12-03 01:23:07] src.utils.training - [32mINFO[0m - Epoch [6] Batch [350/504] Loss: 0.0193 Acc: 91.51%
[2025-12-03 01:23:24] src.utils.training - [32mINFO[0m - Epoch [6] Batch [360/504] Loss: 0.0192 Acc: 91.53%
[2025-12-03 01:23:39] src.utils.training - [32mINFO[0m - Epoch [6] Batch [370/504] Loss: 0.0192 Acc: 91.52%
[2025-12-03 01:24:00] src.utils.training - [32mINFO[0m - Epoch [6] Batch [380/504] Loss: 0.0192 Acc: 91.52%
[2025-12-03 01:24:13] src.utils.training - [32mINFO[0m - Epoch [6] Batch [390/504] Loss: 0.0193 Acc: 91.52%
[2025-12-03 01:24:34] src.utils.training - [32mINFO[0m - Epoch [6] Batch [400/504] Loss: 0.0193 Acc: 91.47%
[2025-12-03 01:24:48] src.utils.training - [32mINFO[0m - Epoch [6] Batch [410/504] Loss: 0.0193 Acc: 91.48%
[2025-12-03 01:25:01] src.utils.training - [32mINFO[0m - Epoch [6] Batch [420/504] Loss: 0.0193 Acc: 91.47%
[2025-12-03 01:25:15] src.utils.training - [32mINFO[0m - Epoch [6] Batch [430/504] Loss: 0.0193 Acc: 91.48%
[2025-12-03 01:25:28] src.utils.training - [32mINFO[0m - Epoch [6] Batch [440/504] Loss: 0.0192 Acc: 91.51%
[2025-12-03 01:25:45] src.utils.training - [32mINFO[0m - Epoch [6] Batch [450/504] Loss: 0.0192 Acc: 91.51%
[2025-12-03 01:26:00] src.utils.training - [32mINFO[0m - Epoch [6] Batch [460/504] Loss: 0.0192 Acc: 91.51%
[2025-12-03 01:26:13] src.utils.training - [32mINFO[0m - Epoch [6] Batch [470/504] Loss: 0.0193 Acc: 91.55%
[2025-12-03 01:26:31] src.utils.training - [32mINFO[0m - Epoch [6] Batch [480/504] Loss: 0.0193 Acc: 91.53%
[2025-12-03 01:26:47] src.utils.training - [32mINFO[0m - Epoch [6] Batch [490/504] Loss: 0.0192 Acc: 91.54%
[2025-12-03 01:27:03] src.utils.training - [32mINFO[0m - Epoch [6] Batch [500/504] Loss: 0.0192 Acc: 91.56%
[2025-12-03 01:27:09] src.utils.training - [32mINFO[0m - Epoch [6] Training Completed in 766s - Loss: 0.0192 Acc: 91.55%
[2025-12-03 01:28:35] src.utils.clip_level_evaluation - [32mINFO[0m - [VAL] Batch 50/109 Loss: 0.0376
[2025-12-03 01:29:44] src.utils.clip_level_evaluation - [32mINFO[0m - [VAL] Batch 100/109 Loss: 0.0544
[2025-12-03 01:29:57] src.utils.clip_level_evaluation - [32mINFO[0m - [VAL] Finished in 168s
[2025-12-03 01:29:57] src.utils.clip_level_evaluation - [32mINFO[0m - Results:
Loss: 0.0592 | Acc: 75.09% | AUC: 0.8490
   >> Anomaly: P=0.590 R=0.791 F1=0.676
   >> Normal:  P=0.877 R=0.731
   >> Counts:  TP=3620 FN=956 (Missed) | TN=6830 FP=2511 (False Alarm)
   >> Rates:   FPR=0.2688 | FNR=0.2089
[2025-12-03 01:29:57] __main__ - [32mINFO[0m - Epoch [6] Motion Validation - Loss: 0.0592 | Acc: 75.09% | AUC: 0.8490
[2025-12-03 01:29:57] __main__ - [32mINFO[0m -   Motion Anomaly Stats: P=0.590 R=0.791 F1=0.676
[2025-12-03 01:29:57] __main__ - [32mINFO[0m -   Conf Matrix: TP=3620 FN=956 TN=6830 FP=2511
[2025-12-03 01:29:57] src.utils.training_utils - [32mINFO[0m - No improvement for 1/10 epochs
[2025-12-03 01:30:18] src.utils.training - [32mINFO[0m - Epoch [7] Batch [10/504] Loss: 0.0189 Acc: 91.25%
[2025-12-03 01:30:31] src.utils.training - [32mINFO[0m - Epoch [7] Batch [20/504] Loss: 0.0182 Acc: 92.07%
[2025-12-03 01:30:47] src.utils.training - [32mINFO[0m - Epoch [7] Batch [30/504] Loss: 0.0173 Acc: 92.40%
[2025-12-03 01:31:00] src.utils.training - [32mINFO[0m - Epoch [7] Batch [40/504] Loss: 0.0178 Acc: 92.29%
[2025-12-03 01:31:16] src.utils.training - [32mINFO[0m - Epoch [7] Batch [50/504] Loss: 0.0174 Acc: 92.44%
[2025-12-03 01:31:29] src.utils.training - [32mINFO[0m - Epoch [7] Batch [60/504] Loss: 0.0174 Acc: 92.45%
[2025-12-03 01:31:46] src.utils.training - [32mINFO[0m - Epoch [7] Batch [70/504] Loss: 0.0176 Acc: 92.27%
[2025-12-03 01:31:59] src.utils.training - [32mINFO[0m - Epoch [7] Batch [80/504] Loss: 0.0171 Acc: 92.47%
[2025-12-03 01:32:15] src.utils.training - [32mINFO[0m - Epoch [7] Batch [90/504] Loss: 0.0170 Acc: 92.55%
[2025-12-03 01:32:28] src.utils.training - [32mINFO[0m - Epoch [7] Batch [100/504] Loss: 0.0169 Acc: 92.56%
[2025-12-03 01:32:45] src.utils.training - [32mINFO[0m - Epoch [7] Batch [110/504] Loss: 0.0170 Acc: 92.61%
[2025-12-03 01:33:01] src.utils.training - [32mINFO[0m - Epoch [7] Batch [120/504] Loss: 0.0171 Acc: 92.59%
[2025-12-03 01:33:18] src.utils.training - [32mINFO[0m - Epoch [7] Batch [130/504] Loss: 0.0171 Acc: 92.54%
[2025-12-03 01:33:33] src.utils.training - [32mINFO[0m - Epoch [7] Batch [140/504] Loss: 0.0169 Acc: 92.63%
[2025-12-03 01:33:46] src.utils.training - [32mINFO[0m - Epoch [7] Batch [150/504] Loss: 0.0169 Acc: 92.63%
[2025-12-03 01:34:03] src.utils.training - [32mINFO[0m - Epoch [7] Batch [160/504] Loss: 0.0169 Acc: 92.61%
[2025-12-03 01:34:16] src.utils.training - [32mINFO[0m - Epoch [7] Batch [170/504] Loss: 0.0170 Acc: 92.57%
[2025-12-03 01:34:29] src.utils.training - [32mINFO[0m - Epoch [7] Batch [180/504] Loss: 0.0171 Acc: 92.56%
[2025-12-03 01:34:45] src.utils.training - [32mINFO[0m - Epoch [7] Batch [190/504] Loss: 0.0173 Acc: 92.46%
[2025-12-03 01:34:59] src.utils.training - [32mINFO[0m - Epoch [7] Batch [200/504] Loss: 0.0174 Acc: 92.45%
[2025-12-03 01:35:13] src.utils.training - [32mINFO[0m - Epoch [7] Batch [210/504] Loss: 0.0175 Acc: 92.34%
[2025-12-03 01:35:27] src.utils.training - [32mINFO[0m - Epoch [7] Batch [220/504] Loss: 0.0174 Acc: 92.34%
[2025-12-03 01:35:44] src.utils.training - [32mINFO[0m - Epoch [7] Batch [230/504] Loss: 0.0174 Acc: 92.38%
[2025-12-03 01:36:00] src.utils.training - [32mINFO[0m - Epoch [7] Batch [240/504] Loss: 0.0174 Acc: 92.39%
[2025-12-03 01:36:14] src.utils.training - [32mINFO[0m - Epoch [7] Batch [250/504] Loss: 0.0174 Acc: 92.35%
[2025-12-03 01:36:32] src.utils.training - [32mINFO[0m - Epoch [7] Batch [260/504] Loss: 0.0174 Acc: 92.34%
[2025-12-03 01:36:47] src.utils.training - [32mINFO[0m - Epoch [7] Batch [270/504] Loss: 0.0173 Acc: 92.39%
[2025-12-03 01:37:02] src.utils.training - [32mINFO[0m - Epoch [7] Batch [280/504] Loss: 0.0172 Acc: 92.45%
[2025-12-03 01:37:20] src.utils.training - [32mINFO[0m - Epoch [7] Batch [290/504] Loss: 0.0172 Acc: 92.45%
[2025-12-03 01:37:36] src.utils.training - [32mINFO[0m - Epoch [7] Batch [300/504] Loss: 0.0172 Acc: 92.48%
[2025-12-03 01:37:53] src.utils.training - [32mINFO[0m - Epoch [7] Batch [310/504] Loss: 0.0171 Acc: 92.47%
[2025-12-03 01:38:06] src.utils.training - [32mINFO[0m - Epoch [7] Batch [320/504] Loss: 0.0171 Acc: 92.49%
[2025-12-03 01:38:19] src.utils.training - [32mINFO[0m - Epoch [7] Batch [330/504] Loss: 0.0171 Acc: 92.47%
[2025-12-03 01:38:37] src.utils.training - [32mINFO[0m - Epoch [7] Batch [340/504] Loss: 0.0170 Acc: 92.47%
[2025-12-03 01:38:50] src.utils.training - [32mINFO[0m - Epoch [7] Batch [350/504] Loss: 0.0170 Acc: 92.48%
[2025-12-03 01:39:05] src.utils.training - [32mINFO[0m - Epoch [7] Batch [360/504] Loss: 0.0170 Acc: 92.47%
[2025-12-03 01:39:18] src.utils.training - [32mINFO[0m - Epoch [7] Batch [370/504] Loss: 0.0170 Acc: 92.51%
[2025-12-03 01:39:36] src.utils.training - [32mINFO[0m - Epoch [7] Batch [380/504] Loss: 0.0170 Acc: 92.52%
[2025-12-03 01:39:55] src.utils.training - [32mINFO[0m - Epoch [7] Batch [390/504] Loss: 0.0170 Acc: 92.49%
[2025-12-03 01:40:08] src.utils.training - [32mINFO[0m - Epoch [7] Batch [400/504] Loss: 0.0169 Acc: 92.50%
[2025-12-03 01:40:23] src.utils.training - [32mINFO[0m - Epoch [7] Batch [410/504] Loss: 0.0169 Acc: 92.52%
[2025-12-03 01:40:39] src.utils.training - [32mINFO[0m - Epoch [7] Batch [420/504] Loss: 0.0169 Acc: 92.53%
[2025-12-03 01:40:55] src.utils.training - [32mINFO[0m - Epoch [7] Batch [430/504] Loss: 0.0169 Acc: 92.54%
[2025-12-03 01:41:14] src.utils.training - [32mINFO[0m - Epoch [7] Batch [440/504] Loss: 0.0168 Acc: 92.55%
[2025-12-03 01:41:32] src.utils.training - [32mINFO[0m - Epoch [7] Batch [450/504] Loss: 0.0169 Acc: 92.55%
[2025-12-03 01:41:45] src.utils.training - [32mINFO[0m - Epoch [7] Batch [460/504] Loss: 0.0168 Acc: 92.56%
[2025-12-03 01:42:00] src.utils.training - [32mINFO[0m - Epoch [7] Batch [470/504] Loss: 0.0168 Acc: 92.56%
[2025-12-03 01:42:13] src.utils.training - [32mINFO[0m - Epoch [7] Batch [480/504] Loss: 0.0168 Acc: 92.60%
[2025-12-03 01:42:27] src.utils.training - [32mINFO[0m - Epoch [7] Batch [490/504] Loss: 0.0168 Acc: 92.61%
[2025-12-03 01:42:44] src.utils.training - [32mINFO[0m - Epoch [7] Batch [500/504] Loss: 0.0168 Acc: 92.62%
[2025-12-03 01:42:49] src.utils.training - [32mINFO[0m - Epoch [7] Training Completed in 772s - Loss: 0.0168 Acc: 92.62%
[2025-12-03 01:44:11] src.utils.clip_level_evaluation - [32mINFO[0m - [VAL] Batch 50/109 Loss: 0.0455
[2025-12-03 01:45:25] src.utils.clip_level_evaluation - [32mINFO[0m - [VAL] Batch 100/109 Loss: 0.0550
[2025-12-03 01:45:38] src.utils.clip_level_evaluation - [32mINFO[0m - [VAL] Finished in 169s
[2025-12-03 01:45:38] src.utils.clip_level_evaluation - [32mINFO[0m - Results:
Loss: 0.0575 | Acc: 73.31% | AUC: 0.8584
   >> Anomaly: P=0.563 R=0.844 F1=0.675
   >> Normal:  P=0.899 R=0.679
   >> Counts:  TP=3860 FN=716 (Missed) | TN=6343 FP=2998 (False Alarm)
   >> Rates:   FPR=0.3210 | FNR=0.1565
[2025-12-03 01:45:38] __main__ - [32mINFO[0m - Epoch [7] Motion Validation - Loss: 0.0575 | Acc: 73.31% | AUC: 0.8584
[2025-12-03 01:45:38] __main__ - [32mINFO[0m -   Motion Anomaly Stats: P=0.563 R=0.844 F1=0.675
[2025-12-03 01:45:38] __main__ - [32mINFO[0m -   Conf Matrix: TP=3860 FN=716 TN=6343 FP=2998
[2025-12-03 01:45:38] src.utils.training_utils - [32mINFO[0m - No improvement for 2/10 epochs
[2025-12-03 01:45:58] src.utils.training - [32mINFO[0m - Epoch [8] Batch [10/504] Loss: 0.0158 Acc: 92.58%
[2025-12-03 01:46:16] src.utils.training - [32mINFO[0m - Epoch [8] Batch [20/504] Loss: 0.0155 Acc: 92.81%
[2025-12-03 01:46:29] src.utils.training - [32mINFO[0m - Epoch [8] Batch [30/504] Loss: 0.0155 Acc: 92.94%
[2025-12-03 01:46:54] src.utils.training - [32mINFO[0m - Epoch [8] Batch [40/504] Loss: 0.0149 Acc: 93.38%
[2025-12-03 01:47:13] src.utils.training - [32mINFO[0m - Epoch [8] Batch [50/504] Loss: 0.0151 Acc: 93.33%
[2025-12-03 01:47:30] src.utils.training - [32mINFO[0m - Epoch [8] Batch [60/504] Loss: 0.0150 Acc: 93.35%
[2025-12-03 01:47:43] src.utils.training - [32mINFO[0m - Epoch [8] Batch [70/504] Loss: 0.0150 Acc: 93.47%
[2025-12-03 01:47:59] src.utils.training - [32mINFO[0m - Epoch [8] Batch [80/504] Loss: 0.0151 Acc: 93.45%
[2025-12-03 01:48:12] src.utils.training - [32mINFO[0m - Epoch [8] Batch [90/504] Loss: 0.0152 Acc: 93.40%
[2025-12-03 01:48:27] src.utils.training - [32mINFO[0m - Epoch [8] Batch [100/504] Loss: 0.0151 Acc: 93.34%
[2025-12-03 01:48:42] src.utils.training - [32mINFO[0m - Epoch [8] Batch [110/504] Loss: 0.0149 Acc: 93.46%
[2025-12-03 01:49:03] src.utils.training - [32mINFO[0m - Epoch [8] Batch [120/504] Loss: 0.0150 Acc: 93.44%
[2025-12-03 01:49:21] src.utils.training - [32mINFO[0m - Epoch [8] Batch [130/504] Loss: 0.0149 Acc: 93.53%
[2025-12-03 01:49:38] src.utils.training - [32mINFO[0m - Epoch [8] Batch [140/504] Loss: 0.0148 Acc: 93.48%
[2025-12-03 01:49:52] src.utils.training - [32mINFO[0m - Epoch [8] Batch [150/504] Loss: 0.0148 Acc: 93.46%
[2025-12-03 01:50:08] src.utils.training - [32mINFO[0m - Epoch [8] Batch [160/504] Loss: 0.0147 Acc: 93.50%
[2025-12-03 01:50:26] src.utils.training - [32mINFO[0m - Epoch [8] Batch [170/504] Loss: 0.0146 Acc: 93.56%
[2025-12-03 01:50:39] src.utils.training - [32mINFO[0m - Epoch [8] Batch [180/504] Loss: 0.0146 Acc: 93.59%
[2025-12-03 01:50:53] src.utils.training - [32mINFO[0m - Epoch [8] Batch [190/504] Loss: 0.0145 Acc: 93.69%
[2025-12-03 01:51:06] src.utils.training - [32mINFO[0m - Epoch [8] Batch [200/504] Loss: 0.0145 Acc: 93.73%
[2025-12-03 01:51:22] src.utils.training - [32mINFO[0m - Epoch [8] Batch [210/504] Loss: 0.0145 Acc: 93.70%
[2025-12-03 01:51:35] src.utils.training - [32mINFO[0m - Epoch [8] Batch [220/504] Loss: 0.0144 Acc: 93.76%
[2025-12-03 01:51:50] src.utils.training - [32mINFO[0m - Epoch [8] Batch [230/504] Loss: 0.0144 Acc: 93.79%
[2025-12-03 01:52:04] src.utils.training - [32mINFO[0m - Epoch [8] Batch [240/504] Loss: 0.0144 Acc: 93.72%
[2025-12-03 01:52:17] src.utils.training - [32mINFO[0m - Epoch [8] Batch [250/504] Loss: 0.0145 Acc: 93.68%
[2025-12-03 01:52:31] src.utils.training - [32mINFO[0m - Epoch [8] Batch [260/504] Loss: 0.0146 Acc: 93.62%
[2025-12-03 01:52:44] src.utils.training - [32mINFO[0m - Epoch [8] Batch [270/504] Loss: 0.0146 Acc: 93.63%
[2025-12-03 01:52:57] src.utils.training - [32mINFO[0m - Epoch [8] Batch [280/504] Loss: 0.0145 Acc: 93.62%
[2025-12-03 01:53:10] src.utils.training - [32mINFO[0m - Epoch [8] Batch [290/504] Loss: 0.0146 Acc: 93.62%
[2025-12-03 01:53:23] src.utils.training - [32mINFO[0m - Epoch [8] Batch [300/504] Loss: 0.0146 Acc: 93.60%
[2025-12-03 01:53:37] src.utils.training - [32mINFO[0m - Epoch [8] Batch [310/504] Loss: 0.0146 Acc: 93.57%
[2025-12-03 01:53:50] src.utils.training - [32mINFO[0m - Epoch [8] Batch [320/504] Loss: 0.0146 Acc: 93.59%
[2025-12-03 01:54:08] src.utils.training - [32mINFO[0m - Epoch [8] Batch [330/504] Loss: 0.0145 Acc: 93.63%
[2025-12-03 01:54:23] src.utils.training - [32mINFO[0m - Epoch [8] Batch [340/504] Loss: 0.0146 Acc: 93.64%
[2025-12-03 01:54:36] src.utils.training - [32mINFO[0m - Epoch [8] Batch [350/504] Loss: 0.0145 Acc: 93.65%
[2025-12-03 01:54:52] src.utils.training - [32mINFO[0m - Epoch [8] Batch [360/504] Loss: 0.0145 Acc: 93.66%
[2025-12-03 01:55:05] src.utils.training - [32mINFO[0m - Epoch [8] Batch [370/504] Loss: 0.0146 Acc: 93.65%
[2025-12-03 01:55:18] src.utils.training - [32mINFO[0m - Epoch [8] Batch [380/504] Loss: 0.0146 Acc: 93.65%
[2025-12-03 01:55:37] src.utils.training - [32mINFO[0m - Epoch [8] Batch [390/504] Loss: 0.0146 Acc: 93.64%
[2025-12-03 01:55:50] src.utils.training - [32mINFO[0m - Epoch [8] Batch [400/504] Loss: 0.0146 Acc: 93.67%
[2025-12-03 01:56:08] src.utils.training - [32mINFO[0m - Epoch [8] Batch [410/504] Loss: 0.0146 Acc: 93.69%
[2025-12-03 01:56:24] src.utils.training - [32mINFO[0m - Epoch [8] Batch [420/504] Loss: 0.0145 Acc: 93.69%
[2025-12-03 01:56:49] src.utils.training - [32mINFO[0m - Epoch [8] Batch [430/504] Loss: 0.0145 Acc: 93.70%
[2025-12-03 01:57:09] src.utils.training - [32mINFO[0m - Epoch [8] Batch [440/504] Loss: 0.0146 Acc: 93.70%
[2025-12-03 01:57:25] src.utils.training - [32mINFO[0m - Epoch [8] Batch [450/504] Loss: 0.0145 Acc: 93.71%
[2025-12-03 01:57:41] src.utils.training - [32mINFO[0m - Epoch [8] Batch [460/504] Loss: 0.0145 Acc: 93.69%
[2025-12-03 01:57:57] src.utils.training - [32mINFO[0m - Epoch [8] Batch [470/504] Loss: 0.0145 Acc: 93.69%
[2025-12-03 01:58:10] src.utils.training - [32mINFO[0m - Epoch [8] Batch [480/504] Loss: 0.0145 Acc: 93.69%
[2025-12-03 01:58:24] src.utils.training - [32mINFO[0m - Epoch [8] Batch [490/504] Loss: 0.0145 Acc: 93.69%
[2025-12-03 01:58:42] src.utils.training - [32mINFO[0m - Epoch [8] Batch [500/504] Loss: 0.0145 Acc: 93.68%
[2025-12-03 01:58:47] src.utils.training - [32mINFO[0m - Epoch [8] Training Completed in 789s - Loss: 0.0145 Acc: 93.67%
[2025-12-03 02:00:02] src.utils.clip_level_evaluation - [32mINFO[0m - [VAL] Batch 50/109 Loss: 0.0403
[2025-12-03 02:01:24] src.utils.clip_level_evaluation - [32mINFO[0m - [VAL] Batch 100/109 Loss: 0.0545
[2025-12-03 02:01:38] src.utils.clip_level_evaluation - [32mINFO[0m - [VAL] Finished in 171s
[2025-12-03 02:01:38] src.utils.clip_level_evaluation - [32mINFO[0m - Results:
Loss: 0.0586 | Acc: 76.57% | AUC: 0.8744
   >> Anomaly: P=0.604 R=0.834 F1=0.701
   >> Normal:  P=0.900 R=0.732
   >> Counts:  TP=3815 FN=761 (Missed) | TN=6841 FP=2500 (False Alarm)
   >> Rates:   FPR=0.2676 | FNR=0.1663
[2025-12-03 02:01:38] __main__ - [32mINFO[0m - Epoch [8] Motion Validation - Loss: 0.0586 | Acc: 76.57% | AUC: 0.8744
[2025-12-03 02:01:38] __main__ - [32mINFO[0m -   Motion Anomaly Stats: P=0.604 R=0.834 F1=0.701
[2025-12-03 02:01:38] __main__ - [32mINFO[0m -   Conf Matrix: TP=3815 FN=761 TN=6841 FP=2500
[2025-12-03 02:01:38] __main__ - [32mINFO[0m - 🔥 New Best Motion AUC: 0.8744
[2025-12-03 02:01:39] src.utils.training_utils - [32mINFO[0m - Saved best model to /work3/s225224/ucf-crime/checkpoints/r3d_motion_sobel_20251202_235642/best_model.pth
[2025-12-03 02:02:01] src.utils.training - [32mINFO[0m - Epoch [9] Batch [10/504] Loss: 0.0122 Acc: 94.14%
[2025-12-03 02:02:16] src.utils.training - [32mINFO[0m - Epoch [9] Batch [20/504] Loss: 0.0138 Acc: 93.63%
[2025-12-03 02:02:29] src.utils.training - [32mINFO[0m - Epoch [9] Batch [30/504] Loss: 0.0137 Acc: 93.75%
[2025-12-03 02:02:45] src.utils.training - [32mINFO[0m - Epoch [9] Batch [40/504] Loss: 0.0137 Acc: 93.83%
[2025-12-03 02:03:01] src.utils.training - [32mINFO[0m - Epoch [9] Batch [50/504] Loss: 0.0138 Acc: 93.89%
[2025-12-03 02:03:14] src.utils.training - [32mINFO[0m - Epoch [9] Batch [60/504] Loss: 0.0139 Acc: 93.96%
[2025-12-03 02:03:31] src.utils.training - [32mINFO[0m - Epoch [9] Batch [70/504] Loss: 0.0137 Acc: 94.14%
[2025-12-03 02:03:47] src.utils.training - [32mINFO[0m - Epoch [9] Batch [80/504] Loss: 0.0135 Acc: 94.14%
[2025-12-03 02:04:04] src.utils.training - [32mINFO[0m - Epoch [9] Batch [90/504] Loss: 0.0135 Acc: 94.18%
[2025-12-03 02:04:21] src.utils.training - [32mINFO[0m - Epoch [9] Batch [100/504] Loss: 0.0135 Acc: 94.13%
[2025-12-03 02:04:36] src.utils.training - [32mINFO[0m - Epoch [9] Batch [110/504] Loss: 0.0134 Acc: 94.13%
[2025-12-03 02:04:49] src.utils.training - [32mINFO[0m - Epoch [9] Batch [120/504] Loss: 0.0135 Acc: 94.23%
[2025-12-03 02:05:04] src.utils.training - [32mINFO[0m - Epoch [9] Batch [130/504] Loss: 0.0132 Acc: 94.36%
[2025-12-03 02:05:17] src.utils.training - [32mINFO[0m - Epoch [9] Batch [140/504] Loss: 0.0132 Acc: 94.35%
[2025-12-03 02:05:30] src.utils.training - [32mINFO[0m - Epoch [9] Batch [150/504] Loss: 0.0131 Acc: 94.39%
[2025-12-03 02:05:47] src.utils.training - [32mINFO[0m - Epoch [9] Batch [160/504] Loss: 0.0131 Acc: 94.41%
[2025-12-03 02:06:03] src.utils.training - [32mINFO[0m - Epoch [9] Batch [170/504] Loss: 0.0130 Acc: 94.45%
[2025-12-03 02:06:16] src.utils.training - [32mINFO[0m - Epoch [9] Batch [180/504] Loss: 0.0130 Acc: 94.44%
[2025-12-03 02:06:35] src.utils.training - [32mINFO[0m - Epoch [9] Batch [190/504] Loss: 0.0130 Acc: 94.44%
[2025-12-03 02:06:49] src.utils.training - [32mINFO[0m - Epoch [9] Batch [200/504] Loss: 0.0131 Acc: 94.42%
[2025-12-03 02:07:04] src.utils.training - [32mINFO[0m - Epoch [9] Batch [210/504] Loss: 0.0131 Acc: 94.40%
[2025-12-03 02:07:18] src.utils.training - [32mINFO[0m - Epoch [9] Batch [220/504] Loss: 0.0130 Acc: 94.44%
[2025-12-03 02:07:31] src.utils.training - [32mINFO[0m - Epoch [9] Batch [230/504] Loss: 0.0130 Acc: 94.46%
[2025-12-03 02:07:49] src.utils.training - [32mINFO[0m - Epoch [9] Batch [240/504] Loss: 0.0129 Acc: 94.51%
[2025-12-03 02:08:02] src.utils.training - [32mINFO[0m - Epoch [9] Batch [250/504] Loss: 0.0130 Acc: 94.54%
[2025-12-03 02:08:17] src.utils.training - [32mINFO[0m - Epoch [9] Batch [260/504] Loss: 0.0130 Acc: 94.53%
[2025-12-03 02:08:32] src.utils.training - [32mINFO[0m - Epoch [9] Batch [270/504] Loss: 0.0131 Acc: 94.48%
[2025-12-03 02:08:45] src.utils.training - [32mINFO[0m - Epoch [9] Batch [280/504] Loss: 0.0131 Acc: 94.46%
[2025-12-03 02:09:04] src.utils.training - [32mINFO[0m - Epoch [9] Batch [290/504] Loss: 0.0131 Acc: 94.49%
[2025-12-03 02:09:19] src.utils.training - [32mINFO[0m - Epoch [9] Batch [300/504] Loss: 0.0130 Acc: 94.53%
[2025-12-03 02:09:35] src.utils.training - [32mINFO[0m - Epoch [9] Batch [310/504] Loss: 0.0130 Acc: 94.54%
[2025-12-03 02:09:49] src.utils.training - [32mINFO[0m - Epoch [9] Batch [320/504] Loss: 0.0130 Acc: 94.55%
[2025-12-03 02:10:02] src.utils.training - [32mINFO[0m - Epoch [9] Batch [330/504] Loss: 0.0129 Acc: 94.56%
[2025-12-03 02:10:17] src.utils.training - [32mINFO[0m - Epoch [9] Batch [340/504] Loss: 0.0129 Acc: 94.56%
[2025-12-03 02:10:35] src.utils.training - [32mINFO[0m - Epoch [9] Batch [350/504] Loss: 0.0130 Acc: 94.56%
[2025-12-03 02:10:49] src.utils.training - [32mINFO[0m - Epoch [9] Batch [360/504] Loss: 0.0129 Acc: 94.59%
[2025-12-03 02:11:04] src.utils.training - [32mINFO[0m - Epoch [9] Batch [370/504] Loss: 0.0129 Acc: 94.56%
[2025-12-03 02:11:21] src.utils.training - [32mINFO[0m - Epoch [9] Batch [380/504] Loss: 0.0129 Acc: 94.56%
[2025-12-03 02:11:45] src.utils.training - [32mINFO[0m - Epoch [9] Batch [390/504] Loss: 0.0129 Acc: 94.57%
[2025-12-03 02:11:58] src.utils.training - [32mINFO[0m - Epoch [9] Batch [400/504] Loss: 0.0129 Acc: 94.56%
[2025-12-03 02:12:13] src.utils.training - [32mINFO[0m - Epoch [9] Batch [410/504] Loss: 0.0129 Acc: 94.54%
[2025-12-03 02:12:30] src.utils.training - [32mINFO[0m - Epoch [9] Batch [420/504] Loss: 0.0129 Acc: 94.54%
[2025-12-03 02:12:44] src.utils.training - [32mINFO[0m - Epoch [9] Batch [430/504] Loss: 0.0129 Acc: 94.54%
[2025-12-03 02:12:58] src.utils.training - [32mINFO[0m - Epoch [9] Batch [440/504] Loss: 0.0130 Acc: 94.53%
[2025-12-03 02:13:15] src.utils.training - [32mINFO[0m - Epoch [9] Batch [450/504] Loss: 0.0130 Acc: 94.53%
[2025-12-03 02:13:28] src.utils.training - [32mINFO[0m - Epoch [9] Batch [460/504] Loss: 0.0130 Acc: 94.51%
[2025-12-03 02:13:43] src.utils.training - [32mINFO[0m - Epoch [9] Batch [470/504] Loss: 0.0130 Acc: 94.52%
[2025-12-03 02:13:56] src.utils.training - [32mINFO[0m - Epoch [9] Batch [480/504] Loss: 0.0129 Acc: 94.53%
[2025-12-03 02:14:12] src.utils.training - [32mINFO[0m - Epoch [9] Batch [490/504] Loss: 0.0129 Acc: 94.55%
[2025-12-03 02:14:33] src.utils.training - [32mINFO[0m - Epoch [9] Batch [500/504] Loss: 0.0129 Acc: 94.54%
[2025-12-03 02:14:38] src.utils.training - [32mINFO[0m - Epoch [9] Training Completed in 779s - Loss: 0.0129 Acc: 94.54%
[2025-12-03 02:16:02] src.utils.clip_level_evaluation - [32mINFO[0m - [VAL] Batch 50/109 Loss: 0.0370
[2025-12-03 02:17:19] src.utils.clip_level_evaluation - [32mINFO[0m - [VAL] Batch 100/109 Loss: 0.0570
[2025-12-03 02:17:38] src.utils.clip_level_evaluation - [32mINFO[0m - [VAL] Finished in 180s
[2025-12-03 02:17:38] src.utils.clip_level_evaluation - [32mINFO[0m - Results:
Loss: 0.0631 | Acc: 77.41% | AUC: 0.8693
   >> Anomaly: P=0.621 R=0.801 F1=0.700
   >> Normal:  P=0.886 R=0.761
   >> Counts:  TP=3665 FN=911 (Missed) | TN=7108 FP=2233 (False Alarm)
   >> Rates:   FPR=0.2391 | FNR=0.1991
[2025-12-03 02:17:39] __main__ - [32mINFO[0m - Epoch [9] Motion Validation - Loss: 0.0631 | Acc: 77.41% | AUC: 0.8693
[2025-12-03 02:17:39] __main__ - [32mINFO[0m -   Motion Anomaly Stats: P=0.621 R=0.801 F1=0.700
[2025-12-03 02:17:39] __main__ - [32mINFO[0m -   Conf Matrix: TP=3665 FN=911 TN=7108 FP=2233
[2025-12-03 02:17:39] src.utils.training_utils - [32mINFO[0m - No improvement for 1/10 epochs
[2025-12-03 02:18:00] src.utils.training - [32mINFO[0m - Epoch [10] Batch [10/504] Loss: 0.0102 Acc: 95.62%
[2025-12-03 02:18:18] src.utils.training - [32mINFO[0m - Epoch [10] Batch [20/504] Loss: 0.0107 Acc: 95.39%
[2025-12-03 02:18:36] src.utils.training - [32mINFO[0m - Epoch [10] Batch [30/504] Loss: 0.0113 Acc: 94.97%
[2025-12-03 02:18:49] src.utils.training - [32mINFO[0m - Epoch [10] Batch [40/504] Loss: 0.0116 Acc: 94.73%
[2025-12-03 02:19:02] src.utils.training - [32mINFO[0m - Epoch [10] Batch [50/504] Loss: 0.0116 Acc: 94.84%
[2025-12-03 02:19:16] src.utils.training - [32mINFO[0m - Epoch [10] Batch [60/504] Loss: 0.0119 Acc: 94.80%
[2025-12-03 02:19:32] src.utils.training - [32mINFO[0m - Epoch [10] Batch [70/504] Loss: 0.0118 Acc: 94.91%
[2025-12-03 02:19:45] src.utils.training - [32mINFO[0m - Epoch [10] Batch [80/504] Loss: 0.0116 Acc: 94.99%
[2025-12-03 02:20:06] src.utils.training - [32mINFO[0m - Epoch [10] Batch [90/504] Loss: 0.0115 Acc: 95.04%
[2025-12-03 02:20:19] src.utils.training - [32mINFO[0m - Epoch [10] Batch [100/504] Loss: 0.0117 Acc: 94.96%
[2025-12-03 02:20:39] src.utils.training - [32mINFO[0m - Epoch [10] Batch [110/504] Loss: 0.0117 Acc: 94.98%
[2025-12-03 02:20:56] src.utils.training - [32mINFO[0m - Epoch [10] Batch [120/504] Loss: 0.0117 Acc: 95.00%
[2025-12-03 02:21:09] src.utils.training - [32mINFO[0m - Epoch [10] Batch [130/504] Loss: 0.0116 Acc: 95.04%
[2025-12-03 02:21:23] src.utils.training - [32mINFO[0m - Epoch [10] Batch [140/504] Loss: 0.0117 Acc: 95.06%
[2025-12-03 02:21:37] src.utils.training - [32mINFO[0m - Epoch [10] Batch [150/504] Loss: 0.0118 Acc: 95.03%
[2025-12-03 02:21:53] src.utils.training - [32mINFO[0m - Epoch [10] Batch [160/504] Loss: 0.0118 Acc: 95.05%
[2025-12-03 02:22:12] src.utils.training - [32mINFO[0m - Epoch [10] Batch [170/504] Loss: 0.0118 Acc: 95.01%
[2025-12-03 02:22:26] src.utils.training - [32mINFO[0m - Epoch [10] Batch [180/504] Loss: 0.0119 Acc: 94.89%
[2025-12-03 02:22:41] src.utils.training - [32mINFO[0m - Epoch [10] Batch [190/504] Loss: 0.0119 Acc: 94.92%
[2025-12-03 02:23:02] src.utils.training - [32mINFO[0m - Epoch [10] Batch [200/504] Loss: 0.0120 Acc: 94.89%
[2025-12-03 02:23:15] src.utils.training - [32mINFO[0m - Epoch [10] Batch [210/504] Loss: 0.0120 Acc: 94.90%
[2025-12-03 02:23:28] src.utils.training - [32mINFO[0m - Epoch [10] Batch [220/504] Loss: 0.0120 Acc: 94.90%
[2025-12-03 02:23:41] src.utils.training - [32mINFO[0m - Epoch [10] Batch [230/504] Loss: 0.0120 Acc: 94.87%
[2025-12-03 02:23:55] src.utils.training - [32mINFO[0m - Epoch [10] Batch [240/504] Loss: 0.0119 Acc: 94.91%
[2025-12-03 02:24:08] src.utils.training - [32mINFO[0m - Epoch [10] Batch [250/504] Loss: 0.0119 Acc: 94.95%
[2025-12-03 02:24:23] src.utils.training - [32mINFO[0m - Epoch [10] Batch [260/504] Loss: 0.0119 Acc: 94.94%
[2025-12-03 02:24:39] src.utils.training - [32mINFO[0m - Epoch [10] Batch [270/504] Loss: 0.0118 Acc: 94.97%
[2025-12-03 02:24:56] src.utils.training - [32mINFO[0m - Epoch [10] Batch [280/504] Loss: 0.0118 Acc: 94.99%
[2025-12-03 02:25:10] src.utils.training - [32mINFO[0m - Epoch [10] Batch [290/504] Loss: 0.0118 Acc: 95.02%
[2025-12-03 02:25:25] src.utils.training - [32mINFO[0m - Epoch [10] Batch [300/504] Loss: 0.0118 Acc: 95.04%
[2025-12-03 02:25:38] src.utils.training - [32mINFO[0m - Epoch [10] Batch [310/504] Loss: 0.0117 Acc: 95.06%
[2025-12-03 02:25:56] src.utils.training - [32mINFO[0m - Epoch [10] Batch [320/504] Loss: 0.0118 Acc: 95.06%
[2025-12-03 02:26:13] src.utils.training - [32mINFO[0m - Epoch [10] Batch [330/504] Loss: 0.0118 Acc: 95.05%
[2025-12-03 02:26:26] src.utils.training - [32mINFO[0m - Epoch [10] Batch [340/504] Loss: 0.0118 Acc: 95.05%
[2025-12-03 02:26:40] src.utils.training - [32mINFO[0m - Epoch [10] Batch [350/504] Loss: 0.0118 Acc: 95.06%
[2025-12-03 02:26:58] src.utils.training - [32mINFO[0m - Epoch [10] Batch [360/504] Loss: 0.0118 Acc: 95.05%
[2025-12-03 02:27:11] src.utils.training - [32mINFO[0m - Epoch [10] Batch [370/504] Loss: 0.0118 Acc: 95.04%
[2025-12-03 02:27:24] src.utils.training - [32mINFO[0m - Epoch [10] Batch [380/504] Loss: 0.0118 Acc: 95.02%
[2025-12-03 02:27:38] src.utils.training - [32mINFO[0m - Epoch [10] Batch [390/504] Loss: 0.0118 Acc: 95.04%
[2025-12-03 02:27:57] src.utils.training - [32mINFO[0m - Epoch [10] Batch [400/504] Loss: 0.0117 Acc: 95.07%
[2025-12-03 02:28:10] src.utils.training - [32mINFO[0m - Epoch [10] Batch [410/504] Loss: 0.0117 Acc: 95.09%
[2025-12-03 02:28:23] src.utils.training - [32mINFO[0m - Epoch [10] Batch [420/504] Loss: 0.0117 Acc: 95.10%
[2025-12-03 02:28:40] src.utils.training - [32mINFO[0m - Epoch [10] Batch [430/504] Loss: 0.0116 Acc: 95.14%
[2025-12-03 02:28:53] src.utils.training - [32mINFO[0m - Epoch [10] Batch [440/504] Loss: 0.0116 Acc: 95.13%
[2025-12-03 02:29:08] src.utils.training - [32mINFO[0m - Epoch [10] Batch [450/504] Loss: 0.0116 Acc: 95.13%
[2025-12-03 02:29:21] src.utils.training - [32mINFO[0m - Epoch [10] Batch [460/504] Loss: 0.0116 Acc: 95.14%
[2025-12-03 02:29:36] src.utils.training - [32mINFO[0m - Epoch [10] Batch [470/504] Loss: 0.0116 Acc: 95.12%
[2025-12-03 02:29:49] src.utils.training - [32mINFO[0m - Epoch [10] Batch [480/504] Loss: 0.0116 Acc: 95.13%
[2025-12-03 02:30:05] src.utils.training - [32mINFO[0m - Epoch [10] Batch [490/504] Loss: 0.0116 Acc: 95.13%
[2025-12-03 02:30:19] src.utils.training - [32mINFO[0m - Epoch [10] Batch [500/504] Loss: 0.0116 Acc: 95.13%
[2025-12-03 02:30:25] src.utils.training - [32mINFO[0m - Epoch [10] Training Completed in 766s - Loss: 0.0116 Acc: 95.13%
[2025-12-03 02:31:43] src.utils.clip_level_evaluation - [32mINFO[0m - [VAL] Batch 50/109 Loss: 0.0465
[2025-12-03 02:33:05] src.utils.clip_level_evaluation - [32mINFO[0m - [VAL] Batch 100/109 Loss: 0.0583
[2025-12-03 02:33:18] src.utils.clip_level_evaluation - [32mINFO[0m - [VAL] Finished in 173s
[2025-12-03 02:33:18] src.utils.clip_level_evaluation - [32mINFO[0m - Results:
Loss: 0.0638 | Acc: 76.16% | AUC: 0.8731
   >> Anomaly: P=0.598 R=0.838 F1=0.698
   >> Normal:  P=0.901 R=0.724
   >> Counts:  TP=3836 FN=740 (Missed) | TN=6763 FP=2578 (False Alarm)
   >> Rates:   FPR=0.2760 | FNR=0.1617
[2025-12-03 02:33:18] __main__ - [32mINFO[0m - Epoch [10] Motion Validation - Loss: 0.0638 | Acc: 76.16% | AUC: 0.8731
[2025-12-03 02:33:18] __main__ - [32mINFO[0m -   Motion Anomaly Stats: P=0.598 R=0.838 F1=0.698
[2025-12-03 02:33:18] __main__ - [32mINFO[0m -   Conf Matrix: TP=3836 FN=740 TN=6763 FP=2578
[2025-12-03 02:33:18] src.utils.training_utils - [32mINFO[0m - No improvement for 2/10 epochs
[2025-12-03 02:33:40] src.utils.training - [32mINFO[0m - Epoch [11] Batch [10/504] Loss: 0.0106 Acc: 96.09%
[2025-12-03 02:33:54] src.utils.training - [32mINFO[0m - Epoch [11] Batch [20/504] Loss: 0.0103 Acc: 95.51%
[2025-12-03 02:34:10] src.utils.training - [32mINFO[0m - Epoch [11] Batch [30/504] Loss: 0.0097 Acc: 95.86%
[2025-12-03 02:34:24] src.utils.training - [32mINFO[0m - Epoch [11] Batch [40/504] Loss: 0.0100 Acc: 95.76%
[2025-12-03 02:34:40] src.utils.training - [32mINFO[0m - Epoch [11] Batch [50/504] Loss: 0.0100 Acc: 95.62%
[2025-12-03 02:34:55] src.utils.training - [32mINFO[0m - Epoch [11] Batch [60/504] Loss: 0.0101 Acc: 95.66%
[2025-12-03 02:35:08] src.utils.training - [32mINFO[0m - Epoch [11] Batch [70/504] Loss: 0.0103 Acc: 95.59%
[2025-12-03 02:35:23] src.utils.training - [32mINFO[0m - Epoch [11] Batch [80/504] Loss: 0.0103 Acc: 95.63%
[2025-12-03 02:35:41] src.utils.training - [32mINFO[0m - Epoch [11] Batch [90/504] Loss: 0.0103 Acc: 95.62%
[2025-12-03 02:35:59] src.utils.training - [32mINFO[0m - Epoch [11] Batch [100/504] Loss: 0.0104 Acc: 95.63%
[2025-12-03 02:36:13] src.utils.training - [32mINFO[0m - Epoch [11] Batch [110/504] Loss: 0.0104 Acc: 95.70%
[2025-12-03 02:36:27] src.utils.training - [32mINFO[0m - Epoch [11] Batch [120/504] Loss: 0.0104 Acc: 95.63%
[2025-12-03 02:36:43] src.utils.training - [32mINFO[0m - Epoch [11] Batch [130/504] Loss: 0.0103 Acc: 95.66%
[2025-12-03 02:37:01] src.utils.training - [32mINFO[0m - Epoch [11] Batch [140/504] Loss: 0.0102 Acc: 95.70%
[2025-12-03 02:37:14] src.utils.training - [32mINFO[0m - Epoch [11] Batch [150/504] Loss: 0.0103 Acc: 95.68%
[2025-12-03 02:37:28] src.utils.training - [32mINFO[0m - Epoch [11] Batch [160/504] Loss: 0.0106 Acc: 95.60%
[2025-12-03 02:37:41] src.utils.training - [32mINFO[0m - Epoch [11] Batch [170/504] Loss: 0.0105 Acc: 95.64%
[2025-12-03 02:37:54] src.utils.training - [32mINFO[0m - Epoch [11] Batch [180/504] Loss: 0.0105 Acc: 95.59%
[2025-12-03 02:38:07] src.utils.training - [32mINFO[0m - Epoch [11] Batch [190/504] Loss: 0.0105 Acc: 95.60%
[2025-12-03 02:38:20] src.utils.training - [32mINFO[0m - Epoch [11] Batch [200/504] Loss: 0.0104 Acc: 95.62%
[2025-12-03 02:38:33] src.utils.training - [32mINFO[0m - Epoch [11] Batch [210/504] Loss: 0.0105 Acc: 95.62%
[2025-12-03 02:38:53] src.utils.training - [32mINFO[0m - Epoch [11] Batch [220/504] Loss: 0.0105 Acc: 95.61%
[2025-12-03 02:39:09] src.utils.training - [32mINFO[0m - Epoch [11] Batch [230/504] Loss: 0.0105 Acc: 95.65%
[2025-12-03 02:39:22] src.utils.training - [32mINFO[0m - Epoch [11] Batch [240/504] Loss: 0.0104 Acc: 95.65%
[2025-12-03 02:39:37] src.utils.training - [32mINFO[0m - Epoch [11] Batch [250/504] Loss: 0.0104 Acc: 95.65%
[2025-12-03 02:39:53] src.utils.training - [32mINFO[0m - Epoch [11] Batch [260/504] Loss: 0.0105 Acc: 95.62%
[2025-12-03 02:40:06] src.utils.training - [32mINFO[0m - Epoch [11] Batch [270/504] Loss: 0.0105 Acc: 95.60%
[2025-12-03 02:40:23] src.utils.training - [32mINFO[0m - Epoch [11] Batch [280/504] Loss: 0.0105 Acc: 95.60%
[2025-12-03 02:40:42] src.utils.training - [32mINFO[0m - Epoch [11] Batch [290/504] Loss: 0.0106 Acc: 95.57%
[2025-12-03 02:40:55] src.utils.training - [32mINFO[0m - Epoch [11] Batch [300/504] Loss: 0.0106 Acc: 95.58%
[2025-12-03 02:41:09] src.utils.training - [32mINFO[0m - Epoch [11] Batch [310/504] Loss: 0.0106 Acc: 95.58%
[2025-12-03 02:41:30] src.utils.training - [32mINFO[0m - Epoch [11] Batch [320/504] Loss: 0.0106 Acc: 95.59%
[2025-12-03 02:41:43] src.utils.training - [32mINFO[0m - Epoch [11] Batch [330/504] Loss: 0.0105 Acc: 95.62%
[2025-12-03 02:41:57] src.utils.training - [32mINFO[0m - Epoch [11] Batch [340/504] Loss: 0.0105 Acc: 95.61%
[2025-12-03 02:42:10] src.utils.training - [32mINFO[0m - Epoch [11] Batch [350/504] Loss: 0.0105 Acc: 95.63%
[2025-12-03 02:42:24] src.utils.training - [32mINFO[0m - Epoch [11] Batch [360/504] Loss: 0.0105 Acc: 95.64%
[2025-12-03 02:42:41] src.utils.training - [32mINFO[0m - Epoch [11] Batch [370/504] Loss: 0.0105 Acc: 95.64%
[2025-12-03 02:42:56] src.utils.training - [32mINFO[0m - Epoch [11] Batch [380/504] Loss: 0.0105 Acc: 95.65%
[2025-12-03 02:43:11] src.utils.training - [32mINFO[0m - Epoch [11] Batch [390/504] Loss: 0.0105 Acc: 95.66%
[2025-12-03 02:43:27] src.utils.training - [32mINFO[0m - Epoch [11] Batch [400/504] Loss: 0.0105 Acc: 95.66%
[2025-12-03 02:43:42] src.utils.training - [32mINFO[0m - Epoch [11] Batch [410/504] Loss: 0.0105 Acc: 95.65%
[2025-12-03 02:44:06] src.utils.training - [32mINFO[0m - Epoch [11] Batch [420/504] Loss: 0.0104 Acc: 95.68%
[2025-12-03 02:44:19] src.utils.training - [32mINFO[0m - Epoch [11] Batch [430/504] Loss: 0.0104 Acc: 95.67%
[2025-12-03 02:44:32] src.utils.training - [32mINFO[0m - Epoch [11] Batch [440/504] Loss: 0.0105 Acc: 95.66%
[2025-12-03 02:44:47] src.utils.training - [32mINFO[0m - Epoch [11] Batch [450/504] Loss: 0.0105 Acc: 95.64%
[2025-12-03 02:45:00] src.utils.training - [32mINFO[0m - Epoch [11] Batch [460/504] Loss: 0.0105 Acc: 95.62%
[2025-12-03 02:45:13] src.utils.training - [32mINFO[0m - Epoch [11] Batch [470/504] Loss: 0.0105 Acc: 95.62%
[2025-12-03 02:45:26] src.utils.training - [32mINFO[0m - Epoch [11] Batch [480/504] Loss: 0.0105 Acc: 95.61%
[2025-12-03 02:45:41] src.utils.training - [32mINFO[0m - Epoch [11] Batch [490/504] Loss: 0.0105 Acc: 95.62%
[2025-12-03 02:45:56] src.utils.training - [32mINFO[0m - Epoch [11] Batch [500/504] Loss: 0.0105 Acc: 95.63%
[2025-12-03 02:46:04] src.utils.training - [32mINFO[0m - Epoch [11] Training Completed in 766s - Loss: 0.0105 Acc: 95.62%
[2025-12-03 02:47:22] src.utils.clip_level_evaluation - [32mINFO[0m - [VAL] Batch 50/109 Loss: 0.0403
[2025-12-03 02:48:42] src.utils.clip_level_evaluation - [32mINFO[0m - [VAL] Batch 100/109 Loss: 0.0566
[2025-12-03 02:48:53] src.utils.clip_level_evaluation - [32mINFO[0m - [VAL] Finished in 169s
[2025-12-03 02:48:53] src.utils.clip_level_evaluation - [32mINFO[0m - Results:
Loss: 0.0616 | Acc: 78.32% | AUC: 0.8835
   >> Anomaly: P=0.629 R=0.831 F1=0.716
   >> Normal:  P=0.902 R=0.760
   >> Counts:  TP=3804 FN=772 (Missed) | TN=7096 FP=2245 (False Alarm)
   >> Rates:   FPR=0.2403 | FNR=0.1687
[2025-12-03 02:48:53] __main__ - [32mINFO[0m - Epoch [11] Motion Validation - Loss: 0.0616 | Acc: 78.32% | AUC: 0.8835
[2025-12-03 02:48:53] __main__ - [32mINFO[0m -   Motion Anomaly Stats: P=0.629 R=0.831 F1=0.716
[2025-12-03 02:48:53] __main__ - [32mINFO[0m -   Conf Matrix: TP=3804 FN=772 TN=7096 FP=2245
[2025-12-03 02:48:53] __main__ - [32mINFO[0m - 🔥 New Best Motion AUC: 0.8835
[2025-12-03 02:48:54] src.utils.training_utils - [32mINFO[0m - Saved best model to /work3/s225224/ucf-crime/checkpoints/r3d_motion_sobel_20251202_235642/best_model.pth
[2025-12-03 02:49:13] src.utils.training - [32mINFO[0m - Epoch [12] Batch [10/504] Loss: 0.0109 Acc: 95.16%
[2025-12-03 02:49:30] src.utils.training - [32mINFO[0m - Epoch [12] Batch [20/504] Loss: 0.0104 Acc: 95.43%
[2025-12-03 02:49:46] src.utils.training - [32mINFO[0m - Epoch [12] Batch [30/504] Loss: 0.0102 Acc: 95.62%
[2025-12-03 02:50:00] src.utils.training - [32mINFO[0m - Epoch [12] Batch [40/504] Loss: 0.0098 Acc: 95.72%
[2025-12-03 02:50:16] src.utils.training - [32mINFO[0m - Epoch [12] Batch [50/504] Loss: 0.0099 Acc: 95.81%
[2025-12-03 02:50:33] src.utils.training - [32mINFO[0m - Epoch [12] Batch [60/504] Loss: 0.0098 Acc: 95.90%
[2025-12-03 02:50:46] src.utils.training - [32mINFO[0m - Epoch [12] Batch [70/504] Loss: 0.0097 Acc: 95.94%
[2025-12-03 02:51:01] src.utils.training - [32mINFO[0m - Epoch [12] Batch [80/504] Loss: 0.0098 Acc: 95.93%
[2025-12-03 02:51:15] src.utils.training - [32mINFO[0m - Epoch [12] Batch [90/504] Loss: 0.0097 Acc: 95.99%
[2025-12-03 02:51:34] src.utils.training - [32mINFO[0m - Epoch [12] Batch [100/504] Loss: 0.0096 Acc: 96.04%
[2025-12-03 02:51:47] src.utils.training - [32mINFO[0m - Epoch [12] Batch [110/504] Loss: 0.0095 Acc: 96.14%
[2025-12-03 02:52:00] src.utils.training - [32mINFO[0m - Epoch [12] Batch [120/504] Loss: 0.0094 Acc: 96.19%
[2025-12-03 02:52:13] src.utils.training - [32mINFO[0m - Epoch [12] Batch [130/504] Loss: 0.0094 Acc: 96.18%
[2025-12-03 02:52:26] src.utils.training - [32mINFO[0m - Epoch [12] Batch [140/504] Loss: 0.0093 Acc: 96.21%
[2025-12-03 02:52:41] src.utils.training - [32mINFO[0m - Epoch [12] Batch [150/504] Loss: 0.0092 Acc: 96.20%
[2025-12-03 02:52:55] src.utils.training - [32mINFO[0m - Epoch [12] Batch [160/504] Loss: 0.0092 Acc: 96.20%
[2025-12-03 02:53:10] src.utils.training - [32mINFO[0m - Epoch [12] Batch [170/504] Loss: 0.0094 Acc: 96.15%
[2025-12-03 02:53:23] src.utils.training - [32mINFO[0m - Epoch [12] Batch [180/504] Loss: 0.0094 Acc: 96.12%
[2025-12-03 02:53:41] src.utils.training - [32mINFO[0m - Epoch [12] Batch [190/504] Loss: 0.0093 Acc: 96.10%
[2025-12-03 02:53:57] src.utils.training - [32mINFO[0m - Epoch [12] Batch [200/504] Loss: 0.0093 Acc: 96.11%
[2025-12-03 02:54:15] src.utils.training - [32mINFO[0m - Epoch [12] Batch [210/504] Loss: 0.0093 Acc: 96.14%
[2025-12-03 02:54:30] src.utils.training - [32mINFO[0m - Epoch [12] Batch [220/504] Loss: 0.0093 Acc: 96.10%
[2025-12-03 02:54:45] src.utils.training - [32mINFO[0m - Epoch [12] Batch [230/504] Loss: 0.0093 Acc: 96.07%
[2025-12-03 02:54:58] src.utils.training - [32mINFO[0m - Epoch [12] Batch [240/504] Loss: 0.0094 Acc: 96.07%
[2025-12-03 02:55:14] src.utils.training - [32mINFO[0m - Epoch [12] Batch [250/504] Loss: 0.0094 Acc: 96.08%
[2025-12-03 02:55:27] src.utils.training - [32mINFO[0m - Epoch [12] Batch [260/504] Loss: 0.0093 Acc: 96.12%
[2025-12-03 02:55:40] src.utils.training - [32mINFO[0m - Epoch [12] Batch [270/504] Loss: 0.0094 Acc: 96.07%
[2025-12-03 02:55:57] src.utils.training - [32mINFO[0m - Epoch [12] Batch [280/504] Loss: 0.0094 Acc: 96.06%
[2025-12-03 02:56:10] src.utils.training - [32mINFO[0m - Epoch [12] Batch [290/504] Loss: 0.0094 Acc: 96.06%
[2025-12-03 02:56:30] src.utils.training - [32mINFO[0m - Epoch [12] Batch [300/504] Loss: 0.0094 Acc: 96.06%
[2025-12-03 02:56:45] src.utils.training - [32mINFO[0m - Epoch [12] Batch [310/504] Loss: 0.0094 Acc: 96.07%
[2025-12-03 02:56:58] src.utils.training - [32mINFO[0m - Epoch [12] Batch [320/504] Loss: 0.0094 Acc: 96.07%
[2025-12-03 02:57:11] src.utils.training - [32mINFO[0m - Epoch [12] Batch [330/504] Loss: 0.0094 Acc: 96.07%
[2025-12-03 02:57:24] src.utils.training - [32mINFO[0m - Epoch [12] Batch [340/504] Loss: 0.0094 Acc: 96.07%
[2025-12-03 02:57:38] src.utils.training - [32mINFO[0m - Epoch [12] Batch [350/504] Loss: 0.0094 Acc: 96.07%
[2025-12-03 02:57:51] src.utils.training - [32mINFO[0m - Epoch [12] Batch [360/504] Loss: 0.0094 Acc: 96.09%
[2025-12-03 02:58:04] src.utils.training - [32mINFO[0m - Epoch [12] Batch [370/504] Loss: 0.0094 Acc: 96.09%
[2025-12-03 02:58:18] src.utils.training - [32mINFO[0m - Epoch [12] Batch [380/504] Loss: 0.0095 Acc: 96.06%
[2025-12-03 02:58:31] src.utils.training - [32mINFO[0m - Epoch [12] Batch [390/504] Loss: 0.0095 Acc: 96.06%
[2025-12-03 02:58:45] src.utils.training - [32mINFO[0m - Epoch [12] Batch [400/504] Loss: 0.0095 Acc: 96.05%
[2025-12-03 02:59:03] src.utils.training - [32mINFO[0m - Epoch [12] Batch [410/504] Loss: 0.0095 Acc: 96.07%
[2025-12-03 02:59:16] src.utils.training - [32mINFO[0m - Epoch [12] Batch [420/504] Loss: 0.0095 Acc: 96.07%
[2025-12-03 02:59:29] src.utils.training - [32mINFO[0m - Epoch [12] Batch [430/504] Loss: 0.0095 Acc: 96.08%
[2025-12-03 02:59:43] src.utils.training - [32mINFO[0m - Epoch [12] Batch [440/504] Loss: 0.0094 Acc: 96.10%
[2025-12-03 03:00:00] src.utils.training - [32mINFO[0m - Epoch [12] Batch [450/504] Loss: 0.0094 Acc: 96.10%
[2025-12-03 03:00:15] src.utils.training - [32mINFO[0m - Epoch [12] Batch [460/504] Loss: 0.0094 Acc: 96.12%
[2025-12-03 03:00:28] src.utils.training - [32mINFO[0m - Epoch [12] Batch [470/504] Loss: 0.0094 Acc: 96.13%
[2025-12-03 03:00:44] src.utils.training - [32mINFO[0m - Epoch [12] Batch [480/504] Loss: 0.0095 Acc: 96.10%
[2025-12-03 03:00:57] src.utils.training - [32mINFO[0m - Epoch [12] Batch [490/504] Loss: 0.0095 Acc: 96.09%
[2025-12-03 03:01:13] src.utils.training - [32mINFO[0m - Epoch [12] Batch [500/504] Loss: 0.0095 Acc: 96.09%
[2025-12-03 03:01:18] src.utils.training - [32mINFO[0m - Epoch [12] Training Completed in 745s - Loss: 0.0095 Acc: 96.08%
[2025-12-03 03:02:35] src.utils.clip_level_evaluation - [32mINFO[0m - [VAL] Batch 50/109 Loss: 0.0377
[2025-12-03 03:03:49] src.utils.clip_level_evaluation - [32mINFO[0m - [VAL] Batch 100/109 Loss: 0.0561
[2025-12-03 03:04:08] src.utils.clip_level_evaluation - [32mINFO[0m - [VAL] Finished in 170s
[2025-12-03 03:04:08] src.utils.clip_level_evaluation - [32mINFO[0m - Results:
Loss: 0.0620 | Acc: 78.90% | AUC: 0.8879
   >> Anomaly: P=0.639 R=0.823 F1=0.719
   >> Normal:  P=0.899 R=0.773
   >> Counts:  TP=3764 FN=812 (Missed) | TN=7217 FP=2124 (False Alarm)
   >> Rates:   FPR=0.2274 | FNR=0.1774
[2025-12-03 03:04:08] __main__ - [32mINFO[0m - Epoch [12] Motion Validation - Loss: 0.0620 | Acc: 78.90% | AUC: 0.8879
[2025-12-03 03:04:08] __main__ - [32mINFO[0m -   Motion Anomaly Stats: P=0.639 R=0.823 F1=0.719
[2025-12-03 03:04:08] __main__ - [32mINFO[0m -   Conf Matrix: TP=3764 FN=812 TN=7217 FP=2124
[2025-12-03 03:04:08] __main__ - [32mINFO[0m - 🔥 New Best Motion AUC: 0.8879
[2025-12-03 03:04:09] src.utils.training_utils - [32mINFO[0m - Saved best model to /work3/s225224/ucf-crime/checkpoints/r3d_motion_sobel_20251202_235642/best_model.pth
[2025-12-03 03:04:33] src.utils.training - [32mINFO[0m - Epoch [13] Batch [10/504] Loss: 0.0103 Acc: 95.47%
[2025-12-03 03:04:46] src.utils.training - [32mINFO[0m - Epoch [13] Batch [20/504] Loss: 0.0095 Acc: 95.74%
[2025-12-03 03:05:01] src.utils.training - [32mINFO[0m - Epoch [13] Batch [30/504] Loss: 0.0096 Acc: 95.81%
[2025-12-03 03:05:20] src.utils.training - [32mINFO[0m - Epoch [13] Batch [40/504] Loss: 0.0099 Acc: 95.78%
[2025-12-03 03:05:35] src.utils.training - [32mINFO[0m - Epoch [13] Batch [50/504] Loss: 0.0096 Acc: 95.83%
[2025-12-03 03:05:48] src.utils.training - [32mINFO[0m - Epoch [13] Batch [60/504] Loss: 0.0095 Acc: 95.89%
[2025-12-03 03:06:06] src.utils.training - [32mINFO[0m - Epoch [13] Batch [70/504] Loss: 0.0092 Acc: 96.12%
[2025-12-03 03:06:19] src.utils.training - [32mINFO[0m - Epoch [13] Batch [80/504] Loss: 0.0092 Acc: 96.08%
[2025-12-03 03:06:35] src.utils.training - [32mINFO[0m - Epoch [13] Batch [90/504] Loss: 0.0091 Acc: 96.21%
[2025-12-03 03:06:48] src.utils.training - [32mINFO[0m - Epoch [13] Batch [100/504] Loss: 0.0092 Acc: 96.15%
[2025-12-03 03:07:01] src.utils.training - [32mINFO[0m - Epoch [13] Batch [110/504] Loss: 0.0090 Acc: 96.24%
[2025-12-03 03:07:14] src.utils.training - [32mINFO[0m - Epoch [13] Batch [120/504] Loss: 0.0089 Acc: 96.30%
[2025-12-03 03:07:29] src.utils.training - [32mINFO[0m - Epoch [13] Batch [130/504] Loss: 0.0088 Acc: 96.36%
[2025-12-03 03:07:44] src.utils.training - [32mINFO[0m - Epoch [13] Batch [140/504] Loss: 0.0087 Acc: 96.42%
[2025-12-03 03:08:00] src.utils.training - [32mINFO[0m - Epoch [13] Batch [150/504] Loss: 0.0086 Acc: 96.47%
[2025-12-03 03:08:21] src.utils.training - [32mINFO[0m - Epoch [13] Batch [160/504] Loss: 0.0086 Acc: 96.50%
[2025-12-03 03:08:36] src.utils.training - [32mINFO[0m - Epoch [13] Batch [170/504] Loss: 0.0088 Acc: 96.48%
[2025-12-03 03:08:49] src.utils.training - [32mINFO[0m - Epoch [13] Batch [180/504] Loss: 0.0087 Acc: 96.51%
[2025-12-03 03:09:04] src.utils.training - [32mINFO[0m - Epoch [13] Batch [190/504] Loss: 0.0088 Acc: 96.49%
[2025-12-03 03:09:20] src.utils.training - [32mINFO[0m - Epoch [13] Batch [200/504] Loss: 0.0088 Acc: 96.41%
[2025-12-03 03:09:35] src.utils.training - [32mINFO[0m - Epoch [13] Batch [210/504] Loss: 0.0090 Acc: 96.35%
[2025-12-03 03:09:48] src.utils.training - [32mINFO[0m - Epoch [13] Batch [220/504] Loss: 0.0089 Acc: 96.36%
[2025-12-03 03:10:06] src.utils.training - [32mINFO[0m - Epoch [13] Batch [230/504] Loss: 0.0089 Acc: 96.32%
[2025-12-03 03:10:22] src.utils.training - [32mINFO[0m - Epoch [13] Batch [240/504] Loss: 0.0090 Acc: 96.31%
[2025-12-03 03:10:38] src.utils.training - [32mINFO[0m - Epoch [13] Batch [250/504] Loss: 0.0089 Acc: 96.35%
[2025-12-03 03:10:58] src.utils.training - [32mINFO[0m - Epoch [13] Batch [260/504] Loss: 0.0089 Acc: 96.35%
[2025-12-03 03:11:15] src.utils.training - [32mINFO[0m - Epoch [13] Batch [270/504] Loss: 0.0090 Acc: 96.34%
[2025-12-03 03:11:28] src.utils.training - [32mINFO[0m - Epoch [13] Batch [280/504] Loss: 0.0090 Acc: 96.32%
[2025-12-03 03:11:41] src.utils.training - [32mINFO[0m - Epoch [13] Batch [290/504] Loss: 0.0089 Acc: 96.31%
[2025-12-03 03:11:55] src.utils.training - [32mINFO[0m - Epoch [13] Batch [300/504] Loss: 0.0089 Acc: 96.33%
[2025-12-03 03:12:12] src.utils.training - [32mINFO[0m - Epoch [13] Batch [310/504] Loss: 0.0089 Acc: 96.33%
[2025-12-03 03:12:27] src.utils.training - [32mINFO[0m - Epoch [13] Batch [320/504] Loss: 0.0089 Acc: 96.32%
[2025-12-03 03:12:40] src.utils.training - [32mINFO[0m - Epoch [13] Batch [330/504] Loss: 0.0089 Acc: 96.33%
[2025-12-03 03:12:53] src.utils.training - [32mINFO[0m - Epoch [13] Batch [340/504] Loss: 0.0089 Acc: 96.35%
[2025-12-03 03:13:07] src.utils.training - [32mINFO[0m - Epoch [13] Batch [350/504] Loss: 0.0089 Acc: 96.34%
[2025-12-03 03:13:20] src.utils.training - [32mINFO[0m - Epoch [13] Batch [360/504] Loss: 0.0088 Acc: 96.34%
[2025-12-03 03:13:33] src.utils.training - [32mINFO[0m - Epoch [13] Batch [370/504] Loss: 0.0088 Acc: 96.34%
[2025-12-03 03:13:48] src.utils.training - [32mINFO[0m - Epoch [13] Batch [380/504] Loss: 0.0088 Acc: 96.35%
[2025-12-03 03:14:09] src.utils.training - [32mINFO[0m - Epoch [13] Batch [390/504] Loss: 0.0088 Acc: 96.35%
[2025-12-03 03:14:22] src.utils.training - [32mINFO[0m - Epoch [13] Batch [400/504] Loss: 0.0088 Acc: 96.37%
[2025-12-03 03:14:35] src.utils.training - [32mINFO[0m - Epoch [13] Batch [410/504] Loss: 0.0088 Acc: 96.38%
[2025-12-03 03:14:49] src.utils.training - [32mINFO[0m - Epoch [13] Batch [420/504] Loss: 0.0088 Acc: 96.37%
[2025-12-03 03:15:03] src.utils.training - [32mINFO[0m - Epoch [13] Batch [430/504] Loss: 0.0088 Acc: 96.36%
[2025-12-03 03:15:20] src.utils.training - [32mINFO[0m - Epoch [13] Batch [440/504] Loss: 0.0088 Acc: 96.36%
[2025-12-03 03:15:38] src.utils.training - [32mINFO[0m - Epoch [13] Batch [450/504] Loss: 0.0089 Acc: 96.36%
[2025-12-03 03:15:51] src.utils.training - [32mINFO[0m - Epoch [13] Batch [460/504] Loss: 0.0089 Acc: 96.35%
[2025-12-03 03:16:05] src.utils.training - [32mINFO[0m - Epoch [13] Batch [470/504] Loss: 0.0089 Acc: 96.34%
[2025-12-03 03:16:18] src.utils.training - [32mINFO[0m - Epoch [13] Batch [480/504] Loss: 0.0089 Acc: 96.33%
[2025-12-03 03:16:31] src.utils.training - [32mINFO[0m - Epoch [13] Batch [490/504] Loss: 0.0089 Acc: 96.33%
[2025-12-03 03:16:45] src.utils.training - [32mINFO[0m - Epoch [13] Batch [500/504] Loss: 0.0089 Acc: 96.33%
[2025-12-03 03:16:54] src.utils.training - [32mINFO[0m - Epoch [13] Training Completed in 765s - Loss: 0.0089 Acc: 96.34%
[2025-12-03 03:18:14] src.utils.clip_level_evaluation - [32mINFO[0m - [VAL] Batch 50/109 Loss: 0.0373
[2025-12-03 03:19:26] src.utils.clip_level_evaluation - [32mINFO[0m - [VAL] Batch 100/109 Loss: 0.0632
[2025-12-03 03:19:40] src.utils.clip_level_evaluation - [32mINFO[0m - [VAL] Finished in 166s
[2025-12-03 03:19:40] src.utils.clip_level_evaluation - [32mINFO[0m - Results:
Loss: 0.0701 | Acc: 78.86% | AUC: 0.8750
   >> Anomaly: P=0.646 R=0.789 F1=0.711
   >> Normal:  P=0.884 R=0.788
   >> Counts:  TP=3611 FN=965 (Missed) | TN=7364 FP=1977 (False Alarm)
   >> Rates:   FPR=0.2116 | FNR=0.2109
[2025-12-03 03:19:40] __main__ - [32mINFO[0m - Epoch [13] Motion Validation - Loss: 0.0701 | Acc: 78.86% | AUC: 0.8750
[2025-12-03 03:19:40] __main__ - [32mINFO[0m -   Motion Anomaly Stats: P=0.646 R=0.789 F1=0.711
[2025-12-03 03:19:40] __main__ - [32mINFO[0m -   Conf Matrix: TP=3611 FN=965 TN=7364 FP=1977
[2025-12-03 03:19:40] src.utils.training_utils - [32mINFO[0m - No improvement for 1/10 epochs
[2025-12-03 03:20:01] src.utils.training - [32mINFO[0m - Epoch [14] Batch [10/504] Loss: 0.0072 Acc: 96.95%
[2025-12-03 03:20:14] src.utils.training - [32mINFO[0m - Epoch [14] Batch [20/504] Loss: 0.0074 Acc: 96.80%
[2025-12-03 03:20:27] src.utils.training - [32mINFO[0m - Epoch [14] Batch [30/504] Loss: 0.0072 Acc: 96.93%
[2025-12-03 03:20:42] src.utils.training - [32mINFO[0m - Epoch [14] Batch [40/504] Loss: 0.0073 Acc: 96.86%
[2025-12-03 03:20:55] src.utils.training - [32mINFO[0m - Epoch [14] Batch [50/504] Loss: 0.0074 Acc: 96.91%
[2025-12-03 03:21:10] src.utils.training - [32mINFO[0m - Epoch [14] Batch [60/504] Loss: 0.0079 Acc: 96.71%
[2025-12-03 03:21:27] src.utils.training - [32mINFO[0m - Epoch [14] Batch [70/504] Loss: 0.0079 Acc: 96.79%
[2025-12-03 03:21:40] src.utils.training - [32mINFO[0m - Epoch [14] Batch [80/504] Loss: 0.0079 Acc: 96.81%
[2025-12-03 03:21:57] src.utils.training - [32mINFO[0m - Epoch [14] Batch [90/504] Loss: 0.0082 Acc: 96.69%
[2025-12-03 03:22:18] src.utils.training - [32mINFO[0m - Epoch [14] Batch [100/504] Loss: 0.0080 Acc: 96.73%
[2025-12-03 03:22:32] src.utils.training - [32mINFO[0m - Epoch [14] Batch [110/504] Loss: 0.0080 Acc: 96.78%
[2025-12-03 03:22:45] src.utils.training - [32mINFO[0m - Epoch [14] Batch [120/504] Loss: 0.0081 Acc: 96.75%
[2025-12-03 03:22:59] src.utils.training - [32mINFO[0m - Epoch [14] Batch [130/504] Loss: 0.0081 Acc: 96.72%
[2025-12-03 03:23:13] src.utils.training - [32mINFO[0m - Epoch [14] Batch [140/504] Loss: 0.0081 Acc: 96.70%
[2025-12-03 03:23:26] src.utils.training - [32mINFO[0m - Epoch [14] Batch [150/504] Loss: 0.0081 Acc: 96.65%
[2025-12-03 03:23:39] src.utils.training - [32mINFO[0m - Epoch [14] Batch [160/504] Loss: 0.0081 Acc: 96.65%
[2025-12-03 03:23:52] src.utils.training - [32mINFO[0m - Epoch [14] Batch [170/504] Loss: 0.0081 Acc: 96.65%
[2025-12-03 03:24:10] src.utils.training - [32mINFO[0m - Epoch [14] Batch [180/504] Loss: 0.0080 Acc: 96.66%
[2025-12-03 03:24:30] src.utils.training - [32mINFO[0m - Epoch [14] Batch [190/504] Loss: 0.0080 Acc: 96.70%
[2025-12-03 03:24:44] src.utils.training - [32mINFO[0m - Epoch [14] Batch [200/504] Loss: 0.0080 Acc: 96.71%
[2025-12-03 03:24:59] src.utils.training - [32mINFO[0m - Epoch [14] Batch [210/504] Loss: 0.0079 Acc: 96.74%
[2025-12-03 03:25:16] src.utils.training - [32mINFO[0m - Epoch [14] Batch [220/504] Loss: 0.0080 Acc: 96.70%
[2025-12-03 03:25:29] src.utils.training - [32mINFO[0m - Epoch [14] Batch [230/504] Loss: 0.0080 Acc: 96.71%
[2025-12-03 03:25:42] src.utils.training - [32mINFO[0m - Epoch [14] Batch [240/504] Loss: 0.0081 Acc: 96.68%
[2025-12-03 03:25:58] src.utils.training - [32mINFO[0m - Epoch [14] Batch [250/504] Loss: 0.0080 Acc: 96.70%
[2025-12-03 03:26:12] src.utils.training - [32mINFO[0m - Epoch [14] Batch [260/504] Loss: 0.0080 Acc: 96.69%
[2025-12-03 03:26:26] src.utils.training - [32mINFO[0m - Epoch [14] Batch [270/504] Loss: 0.0080 Acc: 96.70%
[2025-12-03 03:26:39] src.utils.training - [32mINFO[0m - Epoch [14] Batch [280/504] Loss: 0.0081 Acc: 96.67%
[2025-12-03 03:26:52] src.utils.training - [32mINFO[0m - Epoch [14] Batch [290/504] Loss: 0.0081 Acc: 96.66%
[2025-12-03 03:27:08] src.utils.training - [32mINFO[0m - Epoch [14] Batch [300/504] Loss: 0.0081 Acc: 96.65%
[2025-12-03 03:27:21] src.utils.training - [32mINFO[0m - Epoch [14] Batch [310/504] Loss: 0.0081 Acc: 96.63%
[2025-12-03 03:27:38] src.utils.training - [32mINFO[0m - Epoch [14] Batch [320/504] Loss: 0.0081 Acc: 96.64%
[2025-12-03 03:27:52] src.utils.training - [32mINFO[0m - Epoch [14] Batch [330/504] Loss: 0.0081 Acc: 96.62%
[2025-12-03 03:28:05] src.utils.training - [32mINFO[0m - Epoch [14] Batch [340/504] Loss: 0.0081 Acc: 96.61%
[2025-12-03 03:28:18] src.utils.training - [32mINFO[0m - Epoch [14] Batch [350/504] Loss: 0.0081 Acc: 96.63%
[2025-12-03 03:28:33] src.utils.training - [32mINFO[0m - Epoch [14] Batch [360/504] Loss: 0.0082 Acc: 96.64%
[2025-12-03 03:28:48] src.utils.training - [32mINFO[0m - Epoch [14] Batch [370/504] Loss: 0.0081 Acc: 96.65%
[2025-12-03 03:29:02] src.utils.training - [32mINFO[0m - Epoch [14] Batch [380/504] Loss: 0.0082 Acc: 96.64%
[2025-12-03 03:29:15] src.utils.training - [32mINFO[0m - Epoch [14] Batch [390/504] Loss: 0.0082 Acc: 96.63%
[2025-12-03 03:29:28] src.utils.training - [32mINFO[0m - Epoch [14] Batch [400/504] Loss: 0.0082 Acc: 96.61%
[2025-12-03 03:29:43] src.utils.training - [32mINFO[0m - Epoch [14] Batch [410/504] Loss: 0.0082 Acc: 96.62%
[2025-12-03 03:29:58] src.utils.training - [32mINFO[0m - Epoch [14] Batch [420/504] Loss: 0.0082 Acc: 96.61%
[2025-12-03 03:30:13] src.utils.training - [32mINFO[0m - Epoch [14] Batch [430/504] Loss: 0.0082 Acc: 96.63%
[2025-12-03 03:30:26] src.utils.training - [32mINFO[0m - Epoch [14] Batch [440/504] Loss: 0.0082 Acc: 96.64%
[2025-12-03 03:30:43] src.utils.training - [32mINFO[0m - Epoch [14] Batch [450/504] Loss: 0.0082 Acc: 96.64%
[2025-12-03 03:31:03] src.utils.training - [32mINFO[0m - Epoch [14] Batch [460/504] Loss: 0.0082 Acc: 96.64%
[2025-12-03 03:31:16] src.utils.training - [32mINFO[0m - Epoch [14] Batch [470/504] Loss: 0.0082 Acc: 96.65%
[2025-12-03 03:31:29] src.utils.training - [32mINFO[0m - Epoch [14] Batch [480/504] Loss: 0.0082 Acc: 96.66%
[2025-12-03 03:31:48] src.utils.training - [32mINFO[0m - Epoch [14] Batch [490/504] Loss: 0.0082 Acc: 96.65%
[2025-12-03 03:32:03] src.utils.training - [32mINFO[0m - Epoch [14] Batch [500/504] Loss: 0.0082 Acc: 96.65%
[2025-12-03 03:32:08] src.utils.training - [32mINFO[0m - Epoch [14] Training Completed in 748s - Loss: 0.0082 Acc: 96.66%
[2025-12-03 03:33:32] src.utils.clip_level_evaluation - [32mINFO[0m - [VAL] Batch 50/109 Loss: 0.0464
[2025-12-03 03:34:35] src.utils.clip_level_evaluation - [32mINFO[0m - [VAL] Batch 100/109 Loss: 0.0666
[2025-12-03 03:34:52] src.utils.clip_level_evaluation - [32mINFO[0m - [VAL] Finished in 164s
[2025-12-03 03:34:52] src.utils.clip_level_evaluation - [32mINFO[0m - Results:
Loss: 0.0713 | Acc: 76.99% | AUC: 0.8708
   >> Anomaly: P=0.614 R=0.811 F1=0.699
   >> Normal:  P=0.890 R=0.750
   >> Counts:  TP=3712 FN=864 (Missed) | TN=7003 FP=2338 (False Alarm)
   >> Rates:   FPR=0.2503 | FNR=0.1888
[2025-12-03 03:34:52] __main__ - [32mINFO[0m - Epoch [14] Motion Validation - Loss: 0.0713 | Acc: 76.99% | AUC: 0.8708
[2025-12-03 03:34:52] __main__ - [32mINFO[0m -   Motion Anomaly Stats: P=0.614 R=0.811 F1=0.699
[2025-12-03 03:34:52] __main__ - [32mINFO[0m -   Conf Matrix: TP=3712 FN=864 TN=7003 FP=2338
[2025-12-03 03:34:53] src.utils.training_utils - [32mINFO[0m - No improvement for 2/10 epochs
[2025-12-03 03:35:14] src.utils.training - [32mINFO[0m - Epoch [15] Batch [10/504] Loss: 0.0078 Acc: 97.03%
[2025-12-03 03:35:27] src.utils.training - [32mINFO[0m - Epoch [15] Batch [20/504] Loss: 0.0083 Acc: 96.60%
[2025-12-03 03:35:40] src.utils.training - [32mINFO[0m - Epoch [15] Batch [30/504] Loss: 0.0075 Acc: 96.95%
[2025-12-03 03:35:54] src.utils.training - [32mINFO[0m - Epoch [15] Batch [40/504] Loss: 0.0077 Acc: 96.84%
[2025-12-03 03:36:12] src.utils.training - [32mINFO[0m - Epoch [15] Batch [50/504] Loss: 0.0077 Acc: 96.75%
[2025-12-03 03:36:25] src.utils.training - [32mINFO[0m - Epoch [15] Batch [60/504] Loss: 0.0078 Acc: 96.60%
[2025-12-03 03:36:41] src.utils.training - [32mINFO[0m - Epoch [15] Batch [70/504] Loss: 0.0078 Acc: 96.65%
[2025-12-03 03:36:54] src.utils.training - [32mINFO[0m - Epoch [15] Batch [80/504] Loss: 0.0078 Acc: 96.55%
[2025-12-03 03:37:09] src.utils.training - [32mINFO[0m - Epoch [15] Batch [90/504] Loss: 0.0076 Acc: 96.68%
[2025-12-03 03:37:22] src.utils.training - [32mINFO[0m - Epoch [15] Batch [100/504] Loss: 0.0078 Acc: 96.59%
[2025-12-03 03:37:35] src.utils.training - [32mINFO[0m - Epoch [15] Batch [110/504] Loss: 0.0078 Acc: 96.65%
[2025-12-03 03:37:50] src.utils.training - [32mINFO[0m - Epoch [15] Batch [120/504] Loss: 0.0079 Acc: 96.62%
[2025-12-03 03:38:03] src.utils.training - [32mINFO[0m - Epoch [15] Batch [130/504] Loss: 0.0080 Acc: 96.62%
[2025-12-03 03:38:17] src.utils.training - [32mINFO[0m - Epoch [15] Batch [140/504] Loss: 0.0080 Acc: 96.65%
[2025-12-03 03:38:30] src.utils.training - [32mINFO[0m - Epoch [15] Batch [150/504] Loss: 0.0081 Acc: 96.60%
[2025-12-03 03:38:46] src.utils.training - [32mINFO[0m - Epoch [15] Batch [160/504] Loss: 0.0081 Acc: 96.61%
[2025-12-03 03:38:59] src.utils.training - [32mINFO[0m - Epoch [15] Batch [170/504] Loss: 0.0081 Acc: 96.64%
[2025-12-03 03:39:13] src.utils.training - [32mINFO[0m - Epoch [15] Batch [180/504] Loss: 0.0080 Acc: 96.65%
[2025-12-03 03:39:26] src.utils.training - [32mINFO[0m - Epoch [15] Batch [190/504] Loss: 0.0080 Acc: 96.66%
[2025-12-03 03:39:39] src.utils.training - [32mINFO[0m - Epoch [15] Batch [200/504] Loss: 0.0080 Acc: 96.66%
[2025-12-03 03:39:52] src.utils.training - [32mINFO[0m - Epoch [15] Batch [210/504] Loss: 0.0080 Acc: 96.65%
[2025-12-03 03:40:05] src.utils.training - [32mINFO[0m - Epoch [15] Batch [220/504] Loss: 0.0080 Acc: 96.68%
[2025-12-03 03:40:20] src.utils.training - [32mINFO[0m - Epoch [15] Batch [230/504] Loss: 0.0080 Acc: 96.68%
[2025-12-03 03:40:37] src.utils.training - [32mINFO[0m - Epoch [15] Batch [240/504] Loss: 0.0080 Acc: 96.70%
[2025-12-03 03:40:50] src.utils.training - [32mINFO[0m - Epoch [15] Batch [250/504] Loss: 0.0079 Acc: 96.72%
[2025-12-03 03:41:07] src.utils.training - [32mINFO[0m - Epoch [15] Batch [260/504] Loss: 0.0080 Acc: 96.69%
[2025-12-03 03:41:20] src.utils.training - [32mINFO[0m - Epoch [15] Batch [270/504] Loss: 0.0079 Acc: 96.72%
[2025-12-03 03:41:33] src.utils.training - [32mINFO[0m - Epoch [15] Batch [280/504] Loss: 0.0079 Acc: 96.72%
[2025-12-03 03:41:47] src.utils.training - [32mINFO[0m - Epoch [15] Batch [290/504] Loss: 0.0079 Acc: 96.74%
[2025-12-03 03:42:02] src.utils.training - [32mINFO[0m - Epoch [15] Batch [300/504] Loss: 0.0079 Acc: 96.75%
[2025-12-03 03:42:20] src.utils.training - [32mINFO[0m - Epoch [15] Batch [310/504] Loss: 0.0078 Acc: 96.77%
[2025-12-03 03:42:35] src.utils.training - [32mINFO[0m - Epoch [15] Batch [320/504] Loss: 0.0078 Acc: 96.79%
[2025-12-03 03:42:49] src.utils.training - [32mINFO[0m - Epoch [15] Batch [330/504] Loss: 0.0078 Acc: 96.76%
[2025-12-03 03:43:03] src.utils.training - [32mINFO[0m - Epoch [15] Batch [340/504] Loss: 0.0078 Acc: 96.76%
[2025-12-03 03:43:20] src.utils.training - [32mINFO[0m - Epoch [15] Batch [350/504] Loss: 0.0078 Acc: 96.77%
[2025-12-03 03:43:33] src.utils.training - [32mINFO[0m - Epoch [15] Batch [360/504] Loss: 0.0077 Acc: 96.80%
[2025-12-03 03:43:50] src.utils.training - [32mINFO[0m - Epoch [15] Batch [370/504] Loss: 0.0077 Acc: 96.82%
[2025-12-03 03:44:12] src.utils.training - [32mINFO[0m - Epoch [15] Batch [380/504] Loss: 0.0077 Acc: 96.81%
[2025-12-03 03:44:36] src.utils.training - [32mINFO[0m - Epoch [15] Batch [390/504] Loss: 0.0077 Acc: 96.81%
[2025-12-03 03:44:49] src.utils.training - [32mINFO[0m - Epoch [15] Batch [400/504] Loss: 0.0077 Acc: 96.82%
[2025-12-03 03:45:08] src.utils.training - [32mINFO[0m - Epoch [15] Batch [410/504] Loss: 0.0076 Acc: 96.83%
[2025-12-03 03:45:23] src.utils.training - [32mINFO[0m - Epoch [15] Batch [420/504] Loss: 0.0076 Acc: 96.82%
[2025-12-03 03:45:38] src.utils.training - [32mINFO[0m - Epoch [15] Batch [430/504] Loss: 0.0076 Acc: 96.82%
[2025-12-03 03:45:53] src.utils.training - [32mINFO[0m - Epoch [15] Batch [440/504] Loss: 0.0076 Acc: 96.82%
[2025-12-03 03:46:06] src.utils.training - [32mINFO[0m - Epoch [15] Batch [450/504] Loss: 0.0076 Acc: 96.82%
[2025-12-03 03:46:21] src.utils.training - [32mINFO[0m - Epoch [15] Batch [460/504] Loss: 0.0076 Acc: 96.84%
[2025-12-03 03:46:34] src.utils.training - [32mINFO[0m - Epoch [15] Batch [470/504] Loss: 0.0076 Acc: 96.84%
[2025-12-03 03:46:47] src.utils.training - [32mINFO[0m - Epoch [15] Batch [480/504] Loss: 0.0076 Acc: 96.83%
[2025-12-03 03:47:00] src.utils.training - [32mINFO[0m - Epoch [15] Batch [490/504] Loss: 0.0076 Acc: 96.82%
[2025-12-03 03:47:16] src.utils.training - [32mINFO[0m - Epoch [15] Batch [500/504] Loss: 0.0076 Acc: 96.82%
[2025-12-03 03:47:21] src.utils.training - [32mINFO[0m - Epoch [15] Training Completed in 748s - Loss: 0.0076 Acc: 96.81%
[2025-12-03 03:48:45] src.utils.clip_level_evaluation - [32mINFO[0m - [VAL] Batch 50/109 Loss: 0.0405
[2025-12-03 03:49:55] src.utils.clip_level_evaluation - [32mINFO[0m - [VAL] Batch 100/109 Loss: 0.0632
[2025-12-03 03:50:09] src.utils.clip_level_evaluation - [32mINFO[0m - [VAL] Finished in 168s
[2025-12-03 03:50:09] src.utils.clip_level_evaluation - [32mINFO[0m - Results:
Loss: 0.0698 | Acc: 79.09% | AUC: 0.8853
   >> Anomaly: P=0.644 R=0.814 F1=0.719
   >> Normal:  P=0.895 R=0.779
   >> Counts:  TP=3726 FN=850 (Missed) | TN=7281 FP=2060 (False Alarm)
   >> Rates:   FPR=0.2205 | FNR=0.1858
[2025-12-03 03:50:09] __main__ - [32mINFO[0m - Epoch [15] Motion Validation - Loss: 0.0698 | Acc: 79.09% | AUC: 0.8853
[2025-12-03 03:50:09] __main__ - [32mINFO[0m -   Motion Anomaly Stats: P=0.644 R=0.814 F1=0.719
[2025-12-03 03:50:09] __main__ - [32mINFO[0m -   Conf Matrix: TP=3726 FN=850 TN=7281 FP=2060
[2025-12-03 03:50:09] src.utils.training_utils - [32mINFO[0m - No improvement for 3/10 epochs
[2025-12-03 03:50:28] src.utils.training - [32mINFO[0m - Epoch [16] Batch [10/504] Loss: 0.0072 Acc: 96.95%
[2025-12-03 03:50:44] src.utils.training - [32mINFO[0m - Epoch [16] Batch [20/504] Loss: 0.0073 Acc: 97.42%
[2025-12-03 03:50:57] src.utils.training - [32mINFO[0m - Epoch [16] Batch [30/504] Loss: 0.0073 Acc: 97.27%
[2025-12-03 03:51:10] src.utils.training - [32mINFO[0m - Epoch [16] Batch [40/504] Loss: 0.0075 Acc: 97.17%
[2025-12-03 03:51:23] src.utils.training - [32mINFO[0m - Epoch [16] Batch [50/504] Loss: 0.0076 Acc: 97.05%
[2025-12-03 03:51:42] src.utils.training - [32mINFO[0m - Epoch [16] Batch [60/504] Loss: 0.0080 Acc: 96.93%
[2025-12-03 03:51:55] src.utils.training - [32mINFO[0m - Epoch [16] Batch [70/504] Loss: 0.0080 Acc: 96.88%
[2025-12-03 03:52:15] src.utils.training - [32mINFO[0m - Epoch [16] Batch [80/504] Loss: 0.0080 Acc: 96.81%
[2025-12-03 03:52:34] src.utils.training - [32mINFO[0m - Epoch [16] Batch [90/504] Loss: 0.0078 Acc: 96.86%
[2025-12-03 03:52:48] src.utils.training - [32mINFO[0m - Epoch [16] Batch [100/504] Loss: 0.0076 Acc: 96.92%
[2025-12-03 03:53:07] src.utils.training - [32mINFO[0m - Epoch [16] Batch [110/504] Loss: 0.0075 Acc: 96.94%
[2025-12-03 03:53:23] src.utils.training - [32mINFO[0m - Epoch [16] Batch [120/504] Loss: 0.0074 Acc: 96.93%
[2025-12-03 03:53:36] src.utils.training - [32mINFO[0m - Epoch [16] Batch [130/504] Loss: 0.0075 Acc: 96.86%
[2025-12-03 03:53:51] src.utils.training - [32mINFO[0m - Epoch [16] Batch [140/504] Loss: 0.0074 Acc: 96.91%
[2025-12-03 03:54:07] src.utils.training - [32mINFO[0m - Epoch [16] Batch [150/504] Loss: 0.0075 Acc: 96.90%
[2025-12-03 03:54:23] src.utils.training - [32mINFO[0m - Epoch [16] Batch [160/504] Loss: 0.0075 Acc: 96.89%
[2025-12-03 03:54:36] src.utils.training - [32mINFO[0m - Epoch [16] Batch [170/504] Loss: 0.0076 Acc: 96.88%
[2025-12-03 03:54:49] src.utils.training - [32mINFO[0m - Epoch [16] Batch [180/504] Loss: 0.0075 Acc: 96.92%
[2025-12-03 03:55:04] src.utils.training - [32mINFO[0m - Epoch [16] Batch [190/504] Loss: 0.0075 Acc: 96.95%
[2025-12-03 03:55:17] src.utils.training - [32mINFO[0m - Epoch [16] Batch [200/504] Loss: 0.0075 Acc: 96.98%
[2025-12-03 03:55:31] src.utils.training - [32mINFO[0m - Epoch [16] Batch [210/504] Loss: 0.0075 Acc: 97.02%
[2025-12-03 03:55:47] src.utils.training - [32mINFO[0m - Epoch [16] Batch [220/504] Loss: 0.0075 Acc: 97.01%
[2025-12-03 03:56:04] src.utils.training - [32mINFO[0m - Epoch [16] Batch [230/504] Loss: 0.0076 Acc: 96.98%
[2025-12-03 03:56:20] src.utils.training - [32mINFO[0m - Epoch [16] Batch [240/504] Loss: 0.0076 Acc: 96.97%
[2025-12-03 03:56:37] src.utils.training - [32mINFO[0m - Epoch [16] Batch [250/504] Loss: 0.0075 Acc: 96.97%
[2025-12-03 03:56:53] src.utils.training - [32mINFO[0m - Epoch [16] Batch [260/504] Loss: 0.0075 Acc: 96.99%
[2025-12-03 03:57:06] src.utils.training - [32mINFO[0m - Epoch [16] Batch [270/504] Loss: 0.0074 Acc: 97.01%
[2025-12-03 03:57:22] src.utils.training - [32mINFO[0m - Epoch [16] Batch [280/504] Loss: 0.0075 Acc: 97.01%
[2025-12-03 03:57:37] src.utils.training - [32mINFO[0m - Epoch [16] Batch [290/504] Loss: 0.0074 Acc: 97.04%
[2025-12-03 03:57:50] src.utils.training - [32mINFO[0m - Epoch [16] Batch [300/504] Loss: 0.0074 Acc: 97.01%
[2025-12-03 03:58:03] src.utils.training - [32mINFO[0m - Epoch [16] Batch [310/504] Loss: 0.0074 Acc: 97.00%
[2025-12-03 03:58:19] src.utils.training - [32mINFO[0m - Epoch [16] Batch [320/504] Loss: 0.0074 Acc: 97.01%
[2025-12-03 03:58:35] src.utils.training - [32mINFO[0m - Epoch [16] Batch [330/504] Loss: 0.0074 Acc: 97.02%
[2025-12-03 03:58:54] src.utils.training - [32mINFO[0m - Epoch [16] Batch [340/504] Loss: 0.0074 Acc: 97.02%
[2025-12-03 03:59:14] src.utils.training - [32mINFO[0m - Epoch [16] Batch [350/504] Loss: 0.0074 Acc: 97.01%
[2025-12-03 03:59:31] src.utils.training - [32mINFO[0m - Epoch [16] Batch [360/504] Loss: 0.0074 Acc: 97.01%
[2025-12-03 03:59:51] src.utils.training - [32mINFO[0m - Epoch [16] Batch [370/504] Loss: 0.0074 Acc: 97.01%
[2025-12-03 04:00:07] src.utils.training - [32mINFO[0m - Epoch [16] Batch [380/504] Loss: 0.0074 Acc: 97.01%
[2025-12-03 04:00:21] src.utils.training - [32mINFO[0m - Epoch [16] Batch [390/504] Loss: 0.0074 Acc: 97.01%
[2025-12-03 04:00:35] src.utils.training - [32mINFO[0m - Epoch [16] Batch [400/504] Loss: 0.0074 Acc: 97.01%
[2025-12-03 04:00:52] src.utils.training - [32mINFO[0m - Epoch [16] Batch [410/504] Loss: 0.0073 Acc: 97.03%
[2025-12-03 04:01:06] src.utils.training - [32mINFO[0m - Epoch [16] Batch [420/504] Loss: 0.0073 Acc: 97.04%
[2025-12-03 04:01:19] src.utils.training - [32mINFO[0m - Epoch [16] Batch [430/504] Loss: 0.0073 Acc: 97.06%
[2025-12-03 04:01:34] src.utils.training - [32mINFO[0m - Epoch [16] Batch [440/504] Loss: 0.0073 Acc: 97.07%
[2025-12-03 04:01:51] src.utils.training - [32mINFO[0m - Epoch [16] Batch [450/504] Loss: 0.0073 Acc: 97.07%
[2025-12-03 04:02:12] src.utils.training - [32mINFO[0m - Epoch [16] Batch [460/504] Loss: 0.0073 Acc: 97.06%
[2025-12-03 04:02:29] src.utils.training - [32mINFO[0m - Epoch [16] Batch [470/504] Loss: 0.0073 Acc: 97.05%
[2025-12-03 04:02:48] src.utils.training - [32mINFO[0m - Epoch [16] Batch [480/504] Loss: 0.0073 Acc: 97.05%
[2025-12-03 04:03:04] src.utils.training - [32mINFO[0m - Epoch [16] Batch [490/504] Loss: 0.0073 Acc: 97.06%
[2025-12-03 04:03:18] src.utils.training - [32mINFO[0m - Epoch [16] Batch [500/504] Loss: 0.0073 Acc: 97.08%
[2025-12-03 04:03:26] src.utils.training - [32mINFO[0m - Epoch [16] Training Completed in 797s - Loss: 0.0073 Acc: 97.08%
[2025-12-03 04:04:51] src.utils.clip_level_evaluation - [32mINFO[0m - [VAL] Batch 50/109 Loss: 0.0399
[2025-12-03 04:06:00] src.utils.clip_level_evaluation - [32mINFO[0m - [VAL] Batch 100/109 Loss: 0.0650
[2025-12-03 04:06:16] src.utils.clip_level_evaluation - [32mINFO[0m - [VAL] Finished in 170s
[2025-12-03 04:06:16] src.utils.clip_level_evaluation - [32mINFO[0m - Results:
Loss: 0.0728 | Acc: 79.44% | AUC: 0.8842
   >> Anomaly: P=0.651 R=0.806 F1=0.720
   >> Normal:  P=0.892 R=0.789
   >> Counts:  TP=3688 FN=888 (Missed) | TN=7367 FP=1974 (False Alarm)
   >> Rates:   FPR=0.2113 | FNR=0.1941
[2025-12-03 04:06:16] __main__ - [32mINFO[0m - Epoch [16] Motion Validation - Loss: 0.0728 | Acc: 79.44% | AUC: 0.8842
[2025-12-03 04:06:16] __main__ - [32mINFO[0m -   Motion Anomaly Stats: P=0.651 R=0.806 F1=0.720
[2025-12-03 04:06:16] __main__ - [32mINFO[0m -   Conf Matrix: TP=3688 FN=888 TN=7367 FP=1974
[2025-12-03 04:06:16] src.utils.training_utils - [32mINFO[0m - No improvement for 4/10 epochs
[2025-12-03 04:06:36] src.utils.training - [32mINFO[0m - Epoch [17] Batch [10/504] Loss: 0.0079 Acc: 97.19%
[2025-12-03 04:06:51] src.utils.training - [32mINFO[0m - Epoch [17] Batch [20/504] Loss: 0.0068 Acc: 97.38%
[2025-12-03 04:07:07] src.utils.training - [32mINFO[0m - Epoch [17] Batch [30/504] Loss: 0.0066 Acc: 97.45%
[2025-12-03 04:07:22] src.utils.training - [32mINFO[0m - Epoch [17] Batch [40/504] Loss: 0.0066 Acc: 97.38%
[2025-12-03 04:07:40] src.utils.training - [32mINFO[0m - Epoch [17] Batch [50/504] Loss: 0.0067 Acc: 97.39%
[2025-12-03 04:07:53] src.utils.training - [32mINFO[0m - Epoch [17] Batch [60/504] Loss: 0.0068 Acc: 97.38%
[2025-12-03 04:08:06] src.utils.training - [32mINFO[0m - Epoch [17] Batch [70/504] Loss: 0.0067 Acc: 97.39%
[2025-12-03 04:08:19] src.utils.training - [32mINFO[0m - Epoch [17] Batch [80/504] Loss: 0.0068 Acc: 97.38%
[2025-12-03 04:08:33] src.utils.training - [32mINFO[0m - Epoch [17] Batch [90/504] Loss: 0.0068 Acc: 97.33%
[2025-12-03 04:08:50] src.utils.training - [32mINFO[0m - Epoch [17] Batch [100/504] Loss: 0.0068 Acc: 97.27%
[2025-12-03 04:09:03] src.utils.training - [32mINFO[0m - Epoch [17] Batch [110/504] Loss: 0.0070 Acc: 97.22%
[2025-12-03 04:09:21] src.utils.training - [32mINFO[0m - Epoch [17] Batch [120/504] Loss: 0.0070 Acc: 97.14%
[2025-12-03 04:09:34] src.utils.training - [32mINFO[0m - Epoch [17] Batch [130/504] Loss: 0.0072 Acc: 97.10%
[2025-12-03 04:09:51] src.utils.training - [32mINFO[0m - Epoch [17] Batch [140/504] Loss: 0.0071 Acc: 97.10%
[2025-12-03 04:10:08] src.utils.training - [32mINFO[0m - Epoch [17] Batch [150/504] Loss: 0.0071 Acc: 97.11%
[2025-12-03 04:10:21] src.utils.training - [32mINFO[0m - Epoch [17] Batch [160/504] Loss: 0.0071 Acc: 97.10%
[2025-12-03 04:10:36] src.utils.training - [32mINFO[0m - Epoch [17] Batch [170/504] Loss: 0.0070 Acc: 97.14%
[2025-12-03 04:10:50] src.utils.training - [32mINFO[0m - Epoch [17] Batch [180/504] Loss: 0.0069 Acc: 97.17%
[2025-12-03 04:11:03] src.utils.training - [32mINFO[0m - Epoch [17] Batch [190/504] Loss: 0.0070 Acc: 97.12%
[2025-12-03 04:11:17] src.utils.training - [32mINFO[0m - Epoch [17] Batch [200/504] Loss: 0.0069 Acc: 97.15%
[2025-12-03 04:11:30] src.utils.training - [32mINFO[0m - Epoch [17] Batch [210/504] Loss: 0.0069 Acc: 97.13%
[2025-12-03 04:11:46] src.utils.training - [32mINFO[0m - Epoch [17] Batch [220/504] Loss: 0.0069 Acc: 97.12%
[2025-12-03 04:11:59] src.utils.training - [32mINFO[0m - Epoch [17] Batch [230/504] Loss: 0.0070 Acc: 97.09%
[2025-12-03 04:12:13] src.utils.training - [32mINFO[0m - Epoch [17] Batch [240/504] Loss: 0.0069 Acc: 97.07%
[2025-12-03 04:12:29] src.utils.training - [32mINFO[0m - Epoch [17] Batch [250/504] Loss: 0.0069 Acc: 97.08%
[2025-12-03 04:12:51] src.utils.training - [32mINFO[0m - Epoch [17] Batch [260/504] Loss: 0.0070 Acc: 97.07%
[2025-12-03 04:13:08] src.utils.training - [32mINFO[0m - Epoch [17] Batch [270/504] Loss: 0.0070 Acc: 97.07%
[2025-12-03 04:13:23] src.utils.training - [32mINFO[0m - Epoch [17] Batch [280/504] Loss: 0.0070 Acc: 97.09%
[2025-12-03 04:13:42] src.utils.training - [32mINFO[0m - Epoch [17] Batch [290/504] Loss: 0.0070 Acc: 97.10%
[2025-12-03 04:13:55] src.utils.training - [32mINFO[0m - Epoch [17] Batch [300/504] Loss: 0.0070 Acc: 97.10%
[2025-12-03 04:14:10] src.utils.training - [32mINFO[0m - Epoch [17] Batch [310/504] Loss: 0.0070 Acc: 97.14%
[2025-12-03 04:14:28] src.utils.training - [32mINFO[0m - Epoch [17] Batch [320/504] Loss: 0.0069 Acc: 97.17%
[2025-12-03 04:14:47] src.utils.training - [32mINFO[0m - Epoch [17] Batch [330/504] Loss: 0.0069 Acc: 97.19%
[2025-12-03 04:15:00] src.utils.training - [32mINFO[0m - Epoch [17] Batch [340/504] Loss: 0.0069 Acc: 97.19%
[2025-12-03 04:15:13] src.utils.training - [32mINFO[0m - Epoch [17] Batch [350/504] Loss: 0.0069 Acc: 97.20%
[2025-12-03 04:15:26] src.utils.training - [32mINFO[0m - Epoch [17] Batch [360/504] Loss: 0.0070 Acc: 97.18%
[2025-12-03 04:15:40] src.utils.training - [32mINFO[0m - Epoch [17] Batch [370/504] Loss: 0.0070 Acc: 97.18%
[2025-12-03 04:15:57] src.utils.training - [32mINFO[0m - Epoch [17] Batch [380/504] Loss: 0.0070 Acc: 97.17%
[2025-12-03 04:16:13] src.utils.training - [32mINFO[0m - Epoch [17] Batch [390/504] Loss: 0.0070 Acc: 97.16%
[2025-12-03 04:16:34] src.utils.training - [32mINFO[0m - Epoch [17] Batch [400/504] Loss: 0.0069 Acc: 97.19%
[2025-12-03 04:16:51] src.utils.training - [32mINFO[0m - Epoch [17] Batch [410/504] Loss: 0.0069 Acc: 97.19%
[2025-12-03 04:17:04] src.utils.training - [32mINFO[0m - Epoch [17] Batch [420/504] Loss: 0.0069 Acc: 97.18%
[2025-12-03 04:17:18] src.utils.training - [32mINFO[0m - Epoch [17] Batch [430/504] Loss: 0.0069 Acc: 97.18%
[2025-12-03 04:17:35] src.utils.training - [32mINFO[0m - Epoch [17] Batch [440/504] Loss: 0.0070 Acc: 97.17%
[2025-12-03 04:17:48] src.utils.training - [32mINFO[0m - Epoch [17] Batch [450/504] Loss: 0.0070 Acc: 97.18%
[2025-12-03 04:18:01] src.utils.training - [32mINFO[0m - Epoch [17] Batch [460/504] Loss: 0.0070 Acc: 97.16%
[2025-12-03 04:18:15] src.utils.training - [32mINFO[0m - Epoch [17] Batch [470/504] Loss: 0.0070 Acc: 97.17%
[2025-12-03 04:18:29] src.utils.training - [32mINFO[0m - Epoch [17] Batch [480/504] Loss: 0.0070 Acc: 97.17%
[2025-12-03 04:18:45] src.utils.training - [32mINFO[0m - Epoch [17] Batch [490/504] Loss: 0.0070 Acc: 97.18%
[2025-12-03 04:18:58] src.utils.training - [32mINFO[0m - Epoch [17] Batch [500/504] Loss: 0.0070 Acc: 97.18%
[2025-12-03 04:19:03] src.utils.training - [32mINFO[0m - Epoch [17] Training Completed in 767s - Loss: 0.0070 Acc: 97.19%
[2025-12-03 04:20:36] src.utils.clip_level_evaluation - [32mINFO[0m - [VAL] Batch 50/109 Loss: 0.0449
[2025-12-03 04:21:45] src.utils.clip_level_evaluation - [32mINFO[0m - [VAL] Batch 100/109 Loss: 0.0688
[2025-12-03 04:21:58] src.utils.clip_level_evaluation - [32mINFO[0m - [VAL] Finished in 175s
[2025-12-03 04:21:58] src.utils.clip_level_evaluation - [32mINFO[0m - Results:
Loss: 0.0742 | Acc: 78.40% | AUC: 0.8800
   >> Anomaly: P=0.634 R=0.814 F1=0.713
   >> Normal:  P=0.894 R=0.769
   >> Counts:  TP=3725 FN=851 (Missed) | TN=7186 FP=2155 (False Alarm)
   >> Rates:   FPR=0.2307 | FNR=0.1860
[2025-12-03 04:21:58] __main__ - [32mINFO[0m - Epoch [17] Motion Validation - Loss: 0.0742 | Acc: 78.40% | AUC: 0.8800
[2025-12-03 04:21:58] __main__ - [32mINFO[0m -   Motion Anomaly Stats: P=0.634 R=0.814 F1=0.713
[2025-12-03 04:21:58] __main__ - [32mINFO[0m -   Conf Matrix: TP=3725 FN=851 TN=7186 FP=2155
[2025-12-03 04:21:59] src.utils.training_utils - [32mINFO[0m - No improvement for 5/10 epochs
[2025-12-03 04:22:19] src.utils.training - [32mINFO[0m - Epoch [18] Batch [10/504] Loss: 0.0079 Acc: 96.72%
[2025-12-03 04:22:34] src.utils.training - [32mINFO[0m - Epoch [18] Batch [20/504] Loss: 0.0073 Acc: 96.84%
[2025-12-03 04:23:00] src.utils.training - [32mINFO[0m - Epoch [18] Batch [30/504] Loss: 0.0070 Acc: 97.01%
[2025-12-03 04:23:15] src.utils.training - [32mINFO[0m - Epoch [18] Batch [40/504] Loss: 0.0072 Acc: 96.93%
[2025-12-03 04:23:28] src.utils.training - [32mINFO[0m - Epoch [18] Batch [50/504] Loss: 0.0075 Acc: 96.70%
[2025-12-03 04:23:43] src.utils.training - [32mINFO[0m - Epoch [18] Batch [60/504] Loss: 0.0076 Acc: 96.72%
[2025-12-03 04:23:59] src.utils.training - [32mINFO[0m - Epoch [18] Batch [70/504] Loss: 0.0074 Acc: 96.77%
[2025-12-03 04:24:18] src.utils.training - [32mINFO[0m - Epoch [18] Batch [80/504] Loss: 0.0074 Acc: 96.80%
[2025-12-03 04:24:31] src.utils.training - [32mINFO[0m - Epoch [18] Batch [90/504] Loss: 0.0073 Acc: 96.84%
[2025-12-03 04:24:47] src.utils.training - [32mINFO[0m - Epoch [18] Batch [100/504] Loss: 0.0071 Acc: 96.87%
[2025-12-03 04:25:00] src.utils.training - [32mINFO[0m - Epoch [18] Batch [110/504] Loss: 0.0071 Acc: 96.85%
[2025-12-03 04:25:15] src.utils.training - [32mINFO[0m - Epoch [18] Batch [120/504] Loss: 0.0072 Acc: 96.84%
[2025-12-03 04:25:28] src.utils.training - [32mINFO[0m - Epoch [18] Batch [130/504] Loss: 0.0071 Acc: 96.92%
[2025-12-03 04:25:43] src.utils.training - [32mINFO[0m - Epoch [18] Batch [140/504] Loss: 0.0071 Acc: 96.94%
[2025-12-03 04:25:56] src.utils.training - [32mINFO[0m - Epoch [18] Batch [150/504] Loss: 0.0071 Acc: 96.98%
[2025-12-03 04:26:12] src.utils.training - [32mINFO[0m - Epoch [18] Batch [160/504] Loss: 0.0071 Acc: 96.98%
[2025-12-03 04:26:25] src.utils.training - [32mINFO[0m - Epoch [18] Batch [170/504] Loss: 0.0071 Acc: 96.99%
[2025-12-03 04:26:38] src.utils.training - [32mINFO[0m - Epoch [18] Batch [180/504] Loss: 0.0071 Acc: 97.02%
[2025-12-03 04:26:53] src.utils.training - [32mINFO[0m - Epoch [18] Batch [190/504] Loss: 0.0070 Acc: 97.05%
[2025-12-03 04:27:06] src.utils.training - [32mINFO[0m - Epoch [18] Batch [200/504] Loss: 0.0070 Acc: 97.02%
[2025-12-03 04:27:20] src.utils.training - [32mINFO[0m - Epoch [18] Batch [210/504] Loss: 0.0071 Acc: 97.00%
[2025-12-03 04:27:35] src.utils.training - [32mINFO[0m - Epoch [18] Batch [220/504] Loss: 0.0071 Acc: 97.00%
[2025-12-03 04:27:51] src.utils.training - [32mINFO[0m - Epoch [18] Batch [230/504] Loss: 0.0071 Acc: 97.00%
[2025-12-03 04:28:07] src.utils.training - [32mINFO[0m - Epoch [18] Batch [240/504] Loss: 0.0071 Acc: 97.03%
[2025-12-03 04:28:23] src.utils.training - [32mINFO[0m - Epoch [18] Batch [250/504] Loss: 0.0071 Acc: 97.04%
[2025-12-03 04:28:46] src.utils.training - [32mINFO[0m - Epoch [18] Batch [260/504] Loss: 0.0072 Acc: 97.00%
[2025-12-03 04:29:02] src.utils.training - [32mINFO[0m - Epoch [18] Batch [270/504] Loss: 0.0071 Acc: 96.99%
[2025-12-03 04:29:15] src.utils.training - [32mINFO[0m - Epoch [18] Batch [280/504] Loss: 0.0071 Acc: 97.03%
[2025-12-03 04:29:30] src.utils.training - [32mINFO[0m - Epoch [18] Batch [290/504] Loss: 0.0070 Acc: 97.05%
[2025-12-03 04:29:53] src.utils.training - [32mINFO[0m - Epoch [18] Batch [300/504] Loss: 0.0070 Acc: 97.08%
[2025-12-03 04:30:06] src.utils.training - [32mINFO[0m - Epoch [18] Batch [310/504] Loss: 0.0070 Acc: 97.10%
[2025-12-03 04:30:22] src.utils.training - [32mINFO[0m - Epoch [18] Batch [320/504] Loss: 0.0069 Acc: 97.12%
[2025-12-03 04:30:36] src.utils.training - [32mINFO[0m - Epoch [18] Batch [330/504] Loss: 0.0069 Acc: 97.11%
[2025-12-03 04:30:56] src.utils.training - [32mINFO[0m - Epoch [18] Batch [340/504] Loss: 0.0070 Acc: 97.10%
[2025-12-03 04:31:09] src.utils.training - [32mINFO[0m - Epoch [18] Batch [350/504] Loss: 0.0069 Acc: 97.12%
[2025-12-03 04:31:31] src.utils.training - [32mINFO[0m - Epoch [18] Batch [360/504] Loss: 0.0069 Acc: 97.14%
[2025-12-03 04:31:44] src.utils.training - [32mINFO[0m - Epoch [18] Batch [370/504] Loss: 0.0069 Acc: 97.16%
[2025-12-03 04:31:58] src.utils.training - [32mINFO[0m - Epoch [18] Batch [380/504] Loss: 0.0069 Acc: 97.17%
[2025-12-03 04:32:12] src.utils.training - [32mINFO[0m - Epoch [18] Batch [390/504] Loss: 0.0069 Acc: 97.17%
[2025-12-03 04:32:28] src.utils.training - [32mINFO[0m - Epoch [18] Batch [400/504] Loss: 0.0069 Acc: 97.19%
[2025-12-03 04:32:43] src.utils.training - [32mINFO[0m - Epoch [18] Batch [410/504] Loss: 0.0068 Acc: 97.19%
[2025-12-03 04:32:58] src.utils.training - [32mINFO[0m - Epoch [18] Batch [420/504] Loss: 0.0069 Acc: 97.18%
[2025-12-03 04:33:15] src.utils.training - [32mINFO[0m - Epoch [18] Batch [430/504] Loss: 0.0068 Acc: 97.17%
[2025-12-03 04:33:32] src.utils.training - [32mINFO[0m - Epoch [18] Batch [440/504] Loss: 0.0068 Acc: 97.18%
[2025-12-03 04:33:51] src.utils.training - [32mINFO[0m - Epoch [18] Batch [450/504] Loss: 0.0068 Acc: 97.18%
[2025-12-03 04:34:11] src.utils.training - [32mINFO[0m - Epoch [18] Batch [460/504] Loss: 0.0068 Acc: 97.19%
[2025-12-03 04:34:26] src.utils.training - [32mINFO[0m - Epoch [18] Batch [470/504] Loss: 0.0068 Acc: 97.20%
[2025-12-03 04:34:43] src.utils.training - [32mINFO[0m - Epoch [18] Batch [480/504] Loss: 0.0068 Acc: 97.19%
[2025-12-03 04:35:00] src.utils.training - [32mINFO[0m - Epoch [18] Batch [490/504] Loss: 0.0068 Acc: 97.20%
[2025-12-03 04:35:15] src.utils.training - [32mINFO[0m - Epoch [18] Batch [500/504] Loss: 0.0068 Acc: 97.20%
[2025-12-03 04:35:20] src.utils.training - [32mINFO[0m - Epoch [18] Training Completed in 802s - Loss: 0.0068 Acc: 97.21%
[2025-12-03 04:36:40] src.utils.clip_level_evaluation - [32mINFO[0m - [VAL] Batch 50/109 Loss: 0.0383
[2025-12-03 04:37:52] src.utils.clip_level_evaluation - [32mINFO[0m - [VAL] Batch 100/109 Loss: 0.0653
[2025-12-03 04:38:07] src.utils.clip_level_evaluation - [32mINFO[0m - [VAL] Finished in 167s
[2025-12-03 04:38:07] src.utils.clip_level_evaluation - [32mINFO[0m - Results:
Loss: 0.0734 | Acc: 79.49% | AUC: 0.8838
   >> Anomaly: P=0.654 R=0.799 F1=0.719
   >> Normal:  P=0.889 R=0.793
   >> Counts:  TP=3654 FN=922 (Missed) | TN=7408 FP=1933 (False Alarm)
   >> Rates:   FPR=0.2069 | FNR=0.2015
[2025-12-03 04:38:07] __main__ - [32mINFO[0m - Epoch [18] Motion Validation - Loss: 0.0734 | Acc: 79.49% | AUC: 0.8838
[2025-12-03 04:38:07] __main__ - [32mINFO[0m -   Motion Anomaly Stats: P=0.654 R=0.799 F1=0.719
[2025-12-03 04:38:07] __main__ - [32mINFO[0m -   Conf Matrix: TP=3654 FN=922 TN=7408 FP=1933
[2025-12-03 04:38:08] src.utils.training_utils - [32mINFO[0m - No improvement for 6/10 epochs
[2025-12-03 04:38:29] src.utils.training - [32mINFO[0m - Epoch [19] Batch [10/504] Loss: 0.0065 Acc: 97.27%
[2025-12-03 04:38:44] src.utils.training - [32mINFO[0m - Epoch [19] Batch [20/504] Loss: 0.0065 Acc: 97.19%
[2025-12-03 04:38:58] src.utils.training - [32mINFO[0m - Epoch [19] Batch [30/504] Loss: 0.0068 Acc: 97.32%
[2025-12-03 04:39:14] src.utils.training - [32mINFO[0m - Epoch [19] Batch [40/504] Loss: 0.0065 Acc: 97.42%
[2025-12-03 04:39:31] src.utils.training - [32mINFO[0m - Epoch [19] Batch [50/504] Loss: 0.0065 Acc: 97.36%
[2025-12-03 04:39:47] src.utils.training - [32mINFO[0m - Epoch [19] Batch [60/504] Loss: 0.0066 Acc: 97.33%
[2025-12-03 04:40:01] src.utils.training - [32mINFO[0m - Epoch [19] Batch [70/504] Loss: 0.0066 Acc: 97.32%
[2025-12-03 04:40:15] src.utils.training - [32mINFO[0m - Epoch [19] Batch [80/504] Loss: 0.0066 Acc: 97.34%
[2025-12-03 04:40:43] src.utils.training - [32mINFO[0m - Epoch [19] Batch [90/504] Loss: 0.0067 Acc: 97.20%
[2025-12-03 04:41:06] src.utils.training - [32mINFO[0m - Epoch [19] Batch [100/504] Loss: 0.0067 Acc: 97.20%
[2025-12-03 04:41:23] src.utils.training - [32mINFO[0m - Epoch [19] Batch [110/504] Loss: 0.0067 Acc: 97.20%
[2025-12-03 04:41:39] src.utils.training - [32mINFO[0m - Epoch [19] Batch [120/504] Loss: 0.0066 Acc: 97.21%
[2025-12-03 04:41:58] src.utils.training - [32mINFO[0m - Epoch [19] Batch [130/504] Loss: 0.0066 Acc: 97.23%
[2025-12-03 04:42:11] src.utils.training - [32mINFO[0m - Epoch [19] Batch [140/504] Loss: 0.0065 Acc: 97.27%
[2025-12-03 04:42:25] src.utils.training - [32mINFO[0m - Epoch [19] Batch [150/504] Loss: 0.0064 Acc: 97.35%
[2025-12-03 04:42:44] src.utils.training - [32mINFO[0m - Epoch [19] Batch [160/504] Loss: 0.0065 Acc: 97.28%
[2025-12-03 04:42:57] src.utils.training - [32mINFO[0m - Epoch [19] Batch [170/504] Loss: 0.0066 Acc: 97.25%
[2025-12-03 04:43:14] src.utils.training - [32mINFO[0m - Epoch [19] Batch [180/504] Loss: 0.0066 Acc: 97.21%
[2025-12-03 04:43:28] src.utils.training - [32mINFO[0m - Epoch [19] Batch [190/504] Loss: 0.0066 Acc: 97.22%
[2025-12-03 04:43:43] src.utils.training - [32mINFO[0m - Epoch [19] Batch [200/504] Loss: 0.0066 Acc: 97.23%
[2025-12-03 04:43:58] src.utils.training - [32mINFO[0m - Epoch [19] Batch [210/504] Loss: 0.0067 Acc: 97.24%
[2025-12-03 04:44:13] src.utils.training - [32mINFO[0m - Epoch [19] Batch [220/504] Loss: 0.0067 Acc: 97.22%
[2025-12-03 04:44:26] src.utils.training - [32mINFO[0m - Epoch [19] Batch [230/504] Loss: 0.0067 Acc: 97.22%
[2025-12-03 04:44:41] src.utils.training - [32mINFO[0m - Epoch [19] Batch [240/504] Loss: 0.0066 Acc: 97.22%
[2025-12-03 04:44:55] src.utils.training - [32mINFO[0m - Epoch [19] Batch [250/504] Loss: 0.0067 Acc: 97.20%
[2025-12-03 04:45:08] src.utils.training - [32mINFO[0m - Epoch [19] Batch [260/504] Loss: 0.0066 Acc: 97.26%
[2025-12-03 04:45:23] src.utils.training - [32mINFO[0m - Epoch [19] Batch [270/504] Loss: 0.0066 Acc: 97.26%
[2025-12-03 04:45:36] src.utils.training - [32mINFO[0m - Epoch [19] Batch [280/504] Loss: 0.0066 Acc: 97.25%
[2025-12-03 04:45:50] src.utils.training - [32mINFO[0m - Epoch [19] Batch [290/504] Loss: 0.0066 Acc: 97.28%
[2025-12-03 04:46:03] src.utils.training - [32mINFO[0m - Epoch [19] Batch [300/504] Loss: 0.0066 Acc: 97.29%
[2025-12-03 04:46:21] src.utils.training - [32mINFO[0m - Epoch [19] Batch [310/504] Loss: 0.0066 Acc: 97.28%
[2025-12-03 04:46:35] src.utils.training - [32mINFO[0m - Epoch [19] Batch [320/504] Loss: 0.0066 Acc: 97.29%
[2025-12-03 04:46:48] src.utils.training - [32mINFO[0m - Epoch [19] Batch [330/504] Loss: 0.0066 Acc: 97.29%
[2025-12-03 04:47:02] src.utils.training - [32mINFO[0m - Epoch [19] Batch [340/504] Loss: 0.0067 Acc: 97.28%
[2025-12-03 04:47:18] src.utils.training - [32mINFO[0m - Epoch [19] Batch [350/504] Loss: 0.0066 Acc: 97.29%
[2025-12-03 04:47:32] src.utils.training - [32mINFO[0m - Epoch [19] Batch [360/504] Loss: 0.0066 Acc: 97.30%
[2025-12-03 04:47:45] src.utils.training - [32mINFO[0m - Epoch [19] Batch [370/504] Loss: 0.0066 Acc: 97.30%
[2025-12-03 04:47:58] src.utils.training - [32mINFO[0m - Epoch [19] Batch [380/504] Loss: 0.0066 Acc: 97.31%
[2025-12-03 04:48:17] src.utils.training - [32mINFO[0m - Epoch [19] Batch [390/504] Loss: 0.0066 Acc: 97.32%
[2025-12-03 04:48:34] src.utils.training - [32mINFO[0m - Epoch [19] Batch [400/504] Loss: 0.0066 Acc: 97.32%
[2025-12-03 04:48:50] src.utils.training - [32mINFO[0m - Epoch [19] Batch [410/504] Loss: 0.0066 Acc: 97.34%
[2025-12-03 04:49:03] src.utils.training - [32mINFO[0m - Epoch [19] Batch [420/504] Loss: 0.0066 Acc: 97.35%
[2025-12-03 04:49:18] src.utils.training - [32mINFO[0m - Epoch [19] Batch [430/504] Loss: 0.0065 Acc: 97.35%
[2025-12-03 04:49:31] src.utils.training - [32mINFO[0m - Epoch [19] Batch [440/504] Loss: 0.0065 Acc: 97.36%
[2025-12-03 04:49:50] src.utils.training - [32mINFO[0m - Epoch [19] Batch [450/504] Loss: 0.0065 Acc: 97.36%
[2025-12-03 04:50:07] src.utils.training - [32mINFO[0m - Epoch [19] Batch [460/504] Loss: 0.0065 Acc: 97.38%
[2025-12-03 04:50:20] src.utils.training - [32mINFO[0m - Epoch [19] Batch [470/504] Loss: 0.0064 Acc: 97.41%
[2025-12-03 04:50:33] src.utils.training - [32mINFO[0m - Epoch [19] Batch [480/504] Loss: 0.0064 Acc: 97.42%
[2025-12-03 04:50:46] src.utils.training - [32mINFO[0m - Epoch [19] Batch [490/504] Loss: 0.0064 Acc: 97.43%
[2025-12-03 04:51:01] src.utils.training - [32mINFO[0m - Epoch [19] Batch [500/504] Loss: 0.0064 Acc: 97.44%
[2025-12-03 04:51:06] src.utils.training - [32mINFO[0m - Epoch [19] Training Completed in 779s - Loss: 0.0064 Acc: 97.43%
[2025-12-03 04:52:30] src.utils.clip_level_evaluation - [32mINFO[0m - [VAL] Batch 50/109 Loss: 0.0429
[2025-12-03 04:53:45] src.utils.clip_level_evaluation - [32mINFO[0m - [VAL] Batch 100/109 Loss: 0.0688
[2025-12-03 04:54:01] src.utils.clip_level_evaluation - [32mINFO[0m - [VAL] Finished in 175s
[2025-12-03 04:54:01] src.utils.clip_level_evaluation - [32mINFO[0m - Results:
Loss: 0.0764 | Acc: 78.75% | AUC: 0.8812
   >> Anomaly: P=0.641 R=0.804 F1=0.713
   >> Normal:  P=0.890 R=0.780
   >> Counts:  TP=3678 FN=898 (Missed) | TN=7282 FP=2059 (False Alarm)
   >> Rates:   FPR=0.2204 | FNR=0.1962
[2025-12-03 04:54:01] __main__ - [32mINFO[0m - Epoch [19] Motion Validation - Loss: 0.0764 | Acc: 78.75% | AUC: 0.8812
[2025-12-03 04:54:01] __main__ - [32mINFO[0m -   Motion Anomaly Stats: P=0.641 R=0.804 F1=0.713
[2025-12-03 04:54:01] __main__ - [32mINFO[0m -   Conf Matrix: TP=3678 FN=898 TN=7282 FP=2059
[2025-12-03 04:54:02] src.utils.training_utils - [32mINFO[0m - No improvement for 7/10 epochs
[2025-12-03 04:54:22] src.utils.training - [32mINFO[0m - Epoch [20] Batch [10/504] Loss: 0.0060 Acc: 97.89%
[2025-12-03 04:54:35] src.utils.training - [32mINFO[0m - Epoch [20] Batch [20/504] Loss: 0.0062 Acc: 97.50%
[2025-12-03 04:54:52] src.utils.training - [32mINFO[0m - Epoch [20] Batch [30/504] Loss: 0.0060 Acc: 97.47%
[2025-12-03 04:55:05] src.utils.training - [32mINFO[0m - Epoch [20] Batch [40/504] Loss: 0.0059 Acc: 97.46%
[2025-12-03 04:55:21] src.utils.training - [32mINFO[0m - Epoch [20] Batch [50/504] Loss: 0.0060 Acc: 97.45%
[2025-12-03 04:55:34] src.utils.training - [32mINFO[0m - Epoch [20] Batch [60/504] Loss: 0.0060 Acc: 97.49%
[2025-12-03 04:55:51] src.utils.training - [32mINFO[0m - Epoch [20] Batch [70/504] Loss: 0.0061 Acc: 97.52%
[2025-12-03 04:56:04] src.utils.training - [32mINFO[0m - Epoch [20] Batch [80/504] Loss: 0.0061 Acc: 97.56%
[2025-12-03 04:56:17] src.utils.training - [32mINFO[0m - Epoch [20] Batch [90/504] Loss: 0.0060 Acc: 97.56%
[2025-12-03 04:56:31] src.utils.training - [32mINFO[0m - Epoch [20] Batch [100/504] Loss: 0.0059 Acc: 97.63%
[2025-12-03 04:56:46] src.utils.training - [32mINFO[0m - Epoch [20] Batch [110/504] Loss: 0.0058 Acc: 97.63%
[2025-12-03 04:57:05] src.utils.training - [32mINFO[0m - Epoch [20] Batch [120/504] Loss: 0.0058 Acc: 97.64%
[2025-12-03 04:57:22] src.utils.training - [32mINFO[0m - Epoch [20] Batch [130/504] Loss: 0.0059 Acc: 97.63%
[2025-12-03 04:57:36] src.utils.training - [32mINFO[0m - Epoch [20] Batch [140/504] Loss: 0.0058 Acc: 97.66%
[2025-12-03 04:57:50] src.utils.training - [32mINFO[0m - Epoch [20] Batch [150/504] Loss: 0.0059 Acc: 97.66%
[2025-12-03 04:58:04] src.utils.training - [32mINFO[0m - Epoch [20] Batch [160/504] Loss: 0.0059 Acc: 97.62%
[2025-12-03 04:58:18] src.utils.training - [32mINFO[0m - Epoch [20] Batch [170/504] Loss: 0.0059 Acc: 97.65%
[2025-12-03 04:58:39] src.utils.training - [32mINFO[0m - Epoch [20] Batch [180/504] Loss: 0.0060 Acc: 97.60%
[2025-12-03 04:58:53] src.utils.training - [32mINFO[0m - Epoch [20] Batch [190/504] Loss: 0.0060 Acc: 97.62%
[2025-12-03 04:59:06] src.utils.training - [32mINFO[0m - Epoch [20] Batch [200/504] Loss: 0.0060 Acc: 97.62%
[2025-12-03 04:59:19] src.utils.training - [32mINFO[0m - Epoch [20] Batch [210/504] Loss: 0.0060 Acc: 97.61%
[2025-12-03 04:59:32] src.utils.training - [32mINFO[0m - Epoch [20] Batch [220/504] Loss: 0.0060 Acc: 97.60%
[2025-12-03 04:59:52] src.utils.training - [32mINFO[0m - Epoch [20] Batch [230/504] Loss: 0.0061 Acc: 97.60%
[2025-12-03 05:00:05] src.utils.training - [32mINFO[0m - Epoch [20] Batch [240/504] Loss: 0.0061 Acc: 97.58%
[2025-12-03 05:00:18] src.utils.training - [32mINFO[0m - Epoch [20] Batch [250/504] Loss: 0.0061 Acc: 97.59%
[2025-12-03 05:00:31] src.utils.training - [32mINFO[0m - Epoch [20] Batch [260/504] Loss: 0.0061 Acc: 97.61%
[2025-12-03 05:00:44] src.utils.training - [32mINFO[0m - Epoch [20] Batch [270/504] Loss: 0.0061 Acc: 97.60%
[2025-12-03 05:00:57] src.utils.training - [32mINFO[0m - Epoch [20] Batch [280/504] Loss: 0.0061 Acc: 97.58%
[2025-12-03 05:01:12] src.utils.training - [32mINFO[0m - Epoch [20] Batch [290/504] Loss: 0.0061 Acc: 97.58%
[2025-12-03 05:01:25] src.utils.training - [32mINFO[0m - Epoch [20] Batch [300/504] Loss: 0.0061 Acc: 97.59%
[2025-12-03 05:01:38] src.utils.training - [32mINFO[0m - Epoch [20] Batch [310/504] Loss: 0.0061 Acc: 97.59%
[2025-12-03 05:01:52] src.utils.training - [32mINFO[0m - Epoch [20] Batch [320/504] Loss: 0.0062 Acc: 97.57%
[2025-12-03 05:02:05] src.utils.training - [32mINFO[0m - Epoch [20] Batch [330/504] Loss: 0.0062 Acc: 97.54%
[2025-12-03 05:02:18] src.utils.training - [32mINFO[0m - Epoch [20] Batch [340/504] Loss: 0.0062 Acc: 97.57%
[2025-12-03 05:02:31] src.utils.training - [32mINFO[0m - Epoch [20] Batch [350/504] Loss: 0.0062 Acc: 97.57%
[2025-12-03 05:02:45] src.utils.training - [32mINFO[0m - Epoch [20] Batch [360/504] Loss: 0.0062 Acc: 97.56%
[2025-12-03 05:02:58] src.utils.training - [32mINFO[0m - Epoch [20] Batch [370/504] Loss: 0.0063 Acc: 97.55%
[2025-12-03 05:03:12] src.utils.training - [32mINFO[0m - Epoch [20] Batch [380/504] Loss: 0.0063 Acc: 97.54%
[2025-12-03 05:03:25] src.utils.training - [32mINFO[0m - Epoch [20] Batch [390/504] Loss: 0.0063 Acc: 97.54%
[2025-12-03 05:03:41] src.utils.training - [32mINFO[0m - Epoch [20] Batch [400/504] Loss: 0.0063 Acc: 97.54%
[2025-12-03 05:03:54] src.utils.training - [32mINFO[0m - Epoch [20] Batch [410/504] Loss: 0.0063 Acc: 97.54%
[2025-12-03 05:04:07] src.utils.training - [32mINFO[0m - Epoch [20] Batch [420/504] Loss: 0.0063 Acc: 97.56%
[2025-12-03 05:04:21] src.utils.training - [32mINFO[0m - Epoch [20] Batch [430/504] Loss: 0.0063 Acc: 97.55%
[2025-12-03 05:04:36] src.utils.training - [32mINFO[0m - Epoch [20] Batch [440/504] Loss: 0.0063 Acc: 97.54%
[2025-12-03 05:04:53] src.utils.training - [32mINFO[0m - Epoch [20] Batch [450/504] Loss: 0.0063 Acc: 97.52%
[2025-12-03 05:05:08] src.utils.training - [32mINFO[0m - Epoch [20] Batch [460/504] Loss: 0.0063 Acc: 97.53%
[2025-12-03 05:05:28] src.utils.training - [32mINFO[0m - Epoch [20] Batch [470/504] Loss: 0.0063 Acc: 97.53%
[2025-12-03 05:05:42] src.utils.training - [32mINFO[0m - Epoch [20] Batch [480/504] Loss: 0.0063 Acc: 97.53%
[2025-12-03 05:05:56] src.utils.training - [32mINFO[0m - Epoch [20] Batch [490/504] Loss: 0.0063 Acc: 97.53%
[2025-12-03 05:06:13] src.utils.training - [32mINFO[0m - Epoch [20] Batch [500/504] Loss: 0.0063 Acc: 97.54%
[2025-12-03 05:06:18] src.utils.training - [32mINFO[0m - Epoch [20] Training Completed in 736s - Loss: 0.0063 Acc: 97.55%
[2025-12-03 05:07:28] src.utils.clip_level_evaluation - [32mINFO[0m - [VAL] Batch 50/109 Loss: 0.0410
[2025-12-03 05:08:36] src.utils.clip_level_evaluation - [32mINFO[0m - [VAL] Batch 100/109 Loss: 0.0721
[2025-12-03 05:08:48] src.utils.clip_level_evaluation - [32mINFO[0m - [VAL] Finished in 150s
[2025-12-03 05:08:48] src.utils.clip_level_evaluation - [32mINFO[0m - Results:
Loss: 0.0803 | Acc: 78.75% | AUC: 0.8743
   >> Anomaly: P=0.646 R=0.783 F1=0.708
   >> Normal:  P=0.882 R=0.790
   >> Counts:  TP=3585 FN=991 (Missed) | TN=7375 FP=1966 (False Alarm)
   >> Rates:   FPR=0.2105 | FNR=0.2166
[2025-12-03 05:08:48] __main__ - [32mINFO[0m - Epoch [20] Motion Validation - Loss: 0.0803 | Acc: 78.75% | AUC: 0.8743
[2025-12-03 05:08:48] __main__ - [32mINFO[0m -   Motion Anomaly Stats: P=0.646 R=0.783 F1=0.708
[2025-12-03 05:08:48] __main__ - [32mINFO[0m -   Conf Matrix: TP=3585 FN=991 TN=7375 FP=1966
[2025-12-03 05:08:49] src.utils.training_utils - [32mINFO[0m - No improvement for 8/10 epochs
[2025-12-03 05:08:49] __main__ - [32mINFO[0m - Motion Training complete. Best AUC: 0.8879 at epoch 12
[2025-12-03 05:08:49] __main__ - [32mINFO[0m - Training history saved to: /work3/s225224/ucf-crime/checkpoints/r3d_motion_sobel_20251202_235642/training_history.csv

------------------------------------------------------------
Sender: LSF System <lsfadmin@hpc.dtu.dk>
Subject: Job 27257008: <train_r3d_temporal_l40s> in cluster <dcc> Done

Job <train_r3d_temporal_l40s> was submitted from host <n-62-11-12> by user <s225224> in cluster <dcc> at Tue Dec  2 23:53:36 2025
Job was executed on host(s) <8*n-62-13-17>, in queue <gpul40s>, as user <s225224> in cluster <dcc> at Tue Dec  2 23:56:17 2025
</zhome/77/2/187952> was used as the home directory.
</zhome/77/2/187952/projects/perimiter-net/jobs> was used as the working directory.
Started at Tue Dec  2 23:56:17 2025
Terminated at Wed Dec  3 05:09:01 2025
Results reported at Wed Dec  3 05:09:01 2025

Your job looked like:

------------------------------------------------------------
# LSBATCH: User input
#!/bin/sh
#BSUB -q gpul40s
#BSUB -gpu "num=1:mode=exclusive_process"
#BSUB -J train_r3d_temporal_l40s
#BSUB -n 8
#BSUB -R "span[hosts=1]"
#BSUB -R "rusage[mem=16GB]"
#BSUB -W 12:00
#BSUB -o outputs/output_r3d_temporal_l40s_%J.out
#BSUB -e outputs/output_r3d_temporal_l40s_%J.err

cd ~/projects/perimiter-net
mkdir -p outputs

uv sync

uv run python scripts/training/train_r3d_temporal.py
# IMPORTANT: Update batch_size=128 in train_r3d.py before submitting

------------------------------------------------------------

Successfully completed.

Resource usage summary:

    CPU time :                                   62673.00 sec.
    Max Memory :                                 3482 MB
    Average Memory :                             3065.13 MB
    Total Requested Memory :                     131072.00 MB
    Delta Memory :                               127590.00 MB
    Max Swap :                                   -
    Max Processes :                              9
    Max Threads :                                29
    Run time :                                   18768 sec.
    Turnaround time :                            18925 sec.

The output (if any) is above this job summary.



PS:

Read file <outputs/output_r3d_temporal_l40s_27257008.err> for stderr output of this job.

